"CustomerId","Age","VegOrNonVeg","PreviousOrders","FavouriteCuisine","AverageBill","OrderedItem"
"467","24","Veg","16","North Indian","539.53","Paneer Butter Masala"
"240","56","Veg","39","Italian","1270.98","Hakka Noodles"
"194","38","NonVeg","15","Chinese","1357.11","Chicken Pizza"
"254","58","NonVeg","17","Continental","1329.02","Butter Chicken"
"480","65","Veg","42","Italian","969.89","Margherita Pizza"
"71","33","NonVeg","14","Italian","409.64","Fish Curry"
"45","19","Veg","6","Italian","535.03","Hakka Noodles"
"456","47","Veg","41","Italian","518.43","Margherita Pizza"
"172","30","Veg","16","Continental","691.06","Veg Biryani"
"416","55","NonVeg","12","Continental","804.42","Gulab Jamun"
"49","25","Veg","35","North Indian","477.48","Paneer Butter Masala"
"369","34","Veg","30","South Indian","682.01","Margherita Pizza"
"176","20","Veg","17","North Indian","237.58","Paneer Butter Masala"
"26","18","Veg","34","Continental","1137.32","Margherita Pizza"
"168","70","NonVeg","35","Continental","490.28","Chicken Pizza"
"202","63","Veg","2","North Indian","1157.3","Veg Biryani"
"464","52","NonVeg","1","Chinese","906.46","Gulab Jamun"
"326","41","NonVeg","21","Continental","756.56","Fish Curry"
"73","57","Veg","20","North Indian","233.62","Veg Biryani"
"163","25","Veg","8","Continental","663.1","Margherita Pizza"
"92","53","NonVeg","11","South Indian","1315.84","Hakka Noodles"
"175","54","Veg","9","Chinese","329.28","Hakka Noodles"
"274","58","Veg","35","South Indian","999.04","Masala Dosa"
"58","28","Veg","34","Italian","490.54","Margherita Pizza"
"254","32","NonVeg","9","Continental","902.02","Chicken Biryani"
"384","63","Veg","24","South Indian","743.58","Hakka Noodles"
"37","68","Veg","41","South Indian","1136.29","Masala Dosa"
"195","31","Veg","32","South Indian","1113.2","Hakka Noodles"
"238","40","NonVeg","31","Italian","261.56","Fish Curry"
"203","52","NonVeg","23","Continental","1190.43","Chicken Pizza"
"453","50","Veg","10","South Indian","1117.84","Gulab Jamun"
"119","70","Veg","21","Continental","230.15","Veg Biryani"
"13","33","Veg","37","Italian","320","Hakka Noodles"
"215","31","NonVeg","18","Continental","529.63","Chicken Pizza"
"150","65","Veg","43","South Indian","981.4","Margherita Pizza"
"317","65","Veg","44","Italian","762.49","Margherita Pizza"
"214","33","Veg","2","South Indian","464.39","Masala Dosa"
"180","54","Veg","32","Chinese","634.55","Veg Biryani"
"180","44","Veg","22","Continental","749.28","Paneer Butter Masala"
"53","54","Veg","17","Italian","1306.95","Margherita Pizza"
"198","36","NonVeg","28","Continental","652.11","Chicken Biryani"
"488","66","Veg","3","South Indian","182.74","Hakka Noodles"
"98","30","NonVeg","13","South Indian","1307.92","Hakka Noodles"
"204","37","NonVeg","1","Italian","509.01","Fish Curry"
"297","24","NonVeg","14","Chinese","566.35","Fish Curry"
"177","24","NonVeg","44","North Indian","1335.43","Butter Chicken"
"292","33","Veg","21","Italian","640.74","Hakka Noodles"
"232","49","Veg","44","North Indian","1272.57","Paneer Butter Masala"
"485","70","Veg","6","Chinese","1366.04","Gulab Jamun"
"399","30","NonVeg","30","Chinese","637.85","Hakka Noodles"
"51","68","Veg","43","South Indian","1189.31","Veg Biryani"
"39","39","Veg","40","Italian","1168.98","Margherita Pizza"
"264","31","Veg","19","South Indian","335.34","Margherita Pizza"
"66","64","Veg","43","Continental","642.27","Hakka Noodles"
"34","67","NonVeg","1","Chinese","1124.45","Chicken Biryani"
"314","19","NonVeg","4","North Indian","615.28","Chicken Biryani"
"295","42","Veg","8","South Indian","1249.97","Paneer Butter Masala"
"490","32","Veg","12","South Indian","503.96","Margherita Pizza"
"43","47","Veg","21","North Indian","1343.7","Paneer Butter Masala"
"243","33","NonVeg","2","Continental","192.5","Hakka Noodles"
"117","33","Veg","34","South Indian","1259.1","Masala Dosa"
"209","47","NonVeg","22","Continental","830.7","Butter Chicken"
"323","43","Veg","23","Chinese","285.95","Masala Dosa"
"236","63","Veg","18","Chinese","829.8","Masala Dosa"
"81","37","Veg","39","North Indian","304.64","Paneer Butter Masala"
"492","32","NonVeg","17","Italian","1075.33","Hakka Noodles"
"496","26","Veg","19","Continental","983.41","Veg Biryani"
"410","41","Veg","41","Italian","1186.75","Margherita Pizza"
"219","21","NonVeg","16","South Indian","1092.88","Butter Chicken"
"94","20","NonVeg","20","Chinese","486.62","Fish Curry"
"106","46","Veg","16","North Indian","976.27","Veg Biryani"
"346","23","NonVeg","39","Continental","756.2","Butter Chicken"
"464","66","Veg","12","Continental","590.09","Veg Biryani"
"106","44","Veg","44","North Indian","835.15","Paneer Butter Masala"
"65","51","Veg","19","Continental","1145.84","Gulab Jamun"
"450","40","Veg","8","Italian","909.08","Margherita Pizza"
"475","22","Veg","13","Italian","1073.54","Margherita Pizza"
"58","39","NonVeg","41","North Indian","490.77","Chicken Biryani"
"20","34","Veg","6","South Indian","180.57","Veg Biryani"
"242","35","NonVeg","30","Italian","854.81","Fish Curry"
"248","24","Veg","33","North Indian","214.03","Veg Biryani"
"207","40","Veg","36","Chinese","495.32","Hakka Noodles"
"115","56","NonVeg","25","Italian","195.98","Fish Curry"
"56","59","Veg","27","North Indian","1212.75","Paneer Butter Masala"
"381","62","Veg","9","Chinese","739.12","Veg Biryani"
"139","41","Veg","11","North Indian","925.61","Paneer Butter Masala"
"443","50","NonVeg","33","South Indian","931.26","Chicken Biryani"
"306","70","NonVeg","25","North Indian","482.75","Chicken Biryani"
"173","32","Veg","8","North Indian","639.56","Paneer Butter Masala"
"296","40","Veg","36","Chinese","961.91","Hakka Noodles"
"135","51","Veg","18","South Indian","1323.15","Margherita Pizza"
"86","32","NonVeg","11","Continental","451.68","Chicken Biryani"
"425","24","Veg","10","Chinese","358.79","Paneer Butter Masala"
"90","23","Veg","11","North Indian","1298.97","Paneer Butter Masala"
"92","40","NonVeg","43","Continental","533.95","Fish Curry"
"180","49","NonVeg","14","North Indian","591.05","Chicken Biryani"
"1","40","Veg","7","Continental","388.1","Margherita Pizza"
"153","54","NonVeg","23","Italian","1068.66","Fish Curry"
"264","18","Veg","1","North Indian","289.3","Paneer Butter Masala"
"422","40","NonVeg","41","South Indian","1367.11","Fish Curry"
"267","58","Veg","36","Continental","768.87","Hakka Noodles"
"339","67","Veg","34","North Indian","393.42","Veg Biryani"
"375","37","Veg","25","Italian","1233.08","Margherita Pizza"
"284","31","Veg","12","South Indian","1177.85","Veg Biryani"
"499","68","NonVeg","9","South Indian","370.1","Fish Curry"
"459","43","NonVeg","11","Chinese","1105.69","Chicken Biryani"
"45","35","Veg","41","South Indian","1200.19","Margherita Pizza"
"32","23","NonVeg","5","South Indian","290.9","Chicken Pizza"
"259","42","NonVeg","30","Italian","1340.26","Fish Curry"
"484","28","NonVeg","1","Italian","996.69","Hakka Noodles"
"448","41","NonVeg","5","South Indian","1178.64","Gulab Jamun"
"457","58","Veg","44","South Indian","751.59","Gulab Jamun"
"431","19","NonVeg","3","North Indian","1299.49","Chicken Biryani"
"4","53","Veg","36","Italian","661.53","Margherita Pizza"
"66","64","NonVeg","8","Continental","327.75","Chicken Biryani"
"331","46","Veg","12","North Indian","381.59","Paneer Butter Masala"
"354","48","Veg","22","Chinese","903.81","Paneer Butter Masala"
"83","52","Veg","33","Continental","305.76","Margherita Pizza"
"387","55","NonVeg","19","South Indian","1245.69","Butter Chicken"
"439","64","Veg","16","Continental","1118.28","Hakka Noodles"
"248","40","Veg","34","Continental","421.28","Gulab Jamun"
"48","28","NonVeg","36","South Indian","540.57","Butter Chicken"
"115","38","NonVeg","1","Italian","1339.24","Fish Curry"
"413","33","NonVeg","13","Continental","1245.45","Hakka Noodles"
"350","30","NonVeg","37","North Indian","1177.38","Chicken Biryani"
"118","55","Veg","40","Continental","983.29","Hakka Noodles"
"255","25","NonVeg","26","Chinese","994.63","Fish Curry"
"248","40","Veg","36","South Indian","957","Masala Dosa"
"68","26","NonVeg","14","Italian","985.13","Fish Curry"
"487","57","Veg","21","Continental","653.59","Hakka Noodles"
"334","47","Veg","14","North Indian","1372.17","Veg Biryani"
"68","32","Veg","10","Chinese","557.77","Masala Dosa"
"408","21","NonVeg","9","North Indian","426.19","Chicken Biryani"
"280","57","Veg","44","Italian","300.29","Hakka Noodles"
"201","55","NonVeg","13","North Indian","823.42","Butter Chicken"
"430","52","Veg","29","Italian","1171.96","Hakka Noodles"
"442","48","NonVeg","16","North Indian","1379.39","Chicken Biryani"
"338","50","NonVeg","9","South Indian","369.6","Gulab Jamun"
"402","65","Veg","40","South Indian","311.46","Margherita Pizza"
"279","45","Veg","35","Continental","1062.15","Margherita Pizza"
"213","38","Veg","17","Italian","1327.03","Hakka Noodles"
"92","41","Veg","5","Chinese","989.32","Hakka Noodles"
"45","18","NonVeg","17","North Indian","1049.4","Butter Chicken"
"371","30","Veg","32","Chinese","248.13","Veg Biryani"
"23","59","Veg","12","Italian","572.25","Margherita Pizza"
"116","30","NonVeg","9","Continental","479.95","Chicken Biryani"
"235","63","NonVeg","20","Chinese","923.41","Hakka Noodles"
"259","64","NonVeg","1","Italian","740.39","Fish Curry"
"76","43","NonVeg","40","Chinese","1001.11","Butter Chicken"
"323","28","Veg","16","Continental","345.86","Paneer Butter Masala"
"387","52","Veg","21","North Indian","1211.45","Paneer Butter Masala"
"192","43","NonVeg","20","South Indian","507.84","Chicken Pizza"
"453","29","Veg","38","South Indian","815.13","Gulab Jamun"
"376","56","Veg","25","South Indian","274.46","Margherita Pizza"
"329","53","NonVeg","22","North Indian","1167.98","Chicken Biryani"
"114","55","Veg","27","Italian","1071.78","Hakka Noodles"
"5","68","Veg","19","Italian","1101.6","Hakka Noodles"
"490","22","Veg","27","Italian","1066.87","Margherita Pizza"
"464","69","NonVeg","35","Continental","207.47","Chicken Biryani"
"407","60","Veg","20","Continental","1052.4","Gulab Jamun"
"261","27","NonVeg","35","South Indian","994.21","Hakka Noodles"
"387","55","NonVeg","14","North Indian","1069.16","Chicken Biryani"
"288","39","Veg","4","Continental","993.06","Masala Dosa"
"363","59","Veg","32","Continental","539.44","Veg Biryani"
"78","67","Veg","2","Continental","415.94","Gulab Jamun"
"452","37","Veg","3","Continental","730.36","Paneer Butter Masala"
"136","51","NonVeg","13","Italian","365.99","Fish Curry"
"196","49","Veg","3","South Indian","464.4","Paneer Butter Masala"
"200","49","Veg","17","North Indian","1133.98","Paneer Butter Masala"
"385","44","Veg","24","South Indian","921.66","Masala Dosa"
"24","34","Veg","10","North Indian","987.31","Veg Biryani"
"75","49","Veg","7","Italian","725.17","Margherita Pizza"
"167","59","Veg","43","Continental","1096.86","Hakka Noodles"
"390","54","NonVeg","30","Chinese","785.16","Fish Curry"
"66","30","Veg","24","Chinese","783.73","Paneer Butter Masala"
"141","29","Veg","25","Continental","591.47","Paneer Butter Masala"
"498","66","Veg","15","South Indian","478.72","Margherita Pizza"
"367","47","Veg","38","Italian","700.95","Margherita Pizza"
"312","34","Veg","8","Italian","502.34","Margherita Pizza"
"181","38","NonVeg","42","Chinese","202.81","Butter Chicken"
"279","57","Veg","19","South Indian","242.81","Paneer Butter Masala"
"392","69","Veg","12","South Indian","1121.95","Gulab Jamun"
"338","57","Veg","4","Chinese","656.09","Gulab Jamun"
"453","66","Veg","4","South Indian","969.94","Gulab Jamun"
"263","36","Veg","11","South Indian","940.28","Paneer Butter Masala"
"408","26","Veg","17","Italian","391.64","Hakka Noodles"
"175","30","Veg","22","Continental","1188.11","Margherita Pizza"
"324","31","NonVeg","28","Continental","1003.35","Gulab Jamun"
"414","28","NonVeg","18","South Indian","962.87","Hakka Noodles"
"310","60","NonVeg","7","North Indian","489.79","Butter Chicken"
"290","23","Veg","10","Chinese","1211.51","Paneer Butter Masala"
"340","38","Veg","37","Italian","846.5","Hakka Noodles"
"46","30","Veg","42","Chinese","1234.09","Veg Biryani"
"481","21","Veg","24","Continental","1365.62","Veg Biryani"
"215","48","NonVeg","26","South Indian","1057.19","Hakka Noodles"
"75","62","Veg","37","Italian","261.98","Margherita Pizza"
"412","24","NonVeg","5","Italian","357.37","Fish Curry"
"287","59","Veg","17","South Indian","813.87","Paneer Butter Masala"
"15","57","NonVeg","39","Chinese","921.28","Fish Curry"
"398","19","Veg","37","South Indian","480.39","Veg Biryani"
"195","53","Veg","36","North Indian","1309.29","Paneer Butter Masala"
"479","64","Veg","37","Italian","344.25","Margherita Pizza"
"406","45","Veg","9","South Indian","1206.36","Masala Dosa"
"50","66","NonVeg","20","Continental","323.24","Chicken Pizza"
"46","24","Veg","40","South Indian","215.07","Veg Biryani"
"51","62","Veg","26","Italian","401.85","Margherita Pizza"
"436","24","Veg","22","North Indian","267.76","Paneer Butter Masala"
"259","61","Veg","18","Chinese","1360.5","Margherita Pizza"
"376","62","Veg","37","South Indian","528.22","Paneer Butter Masala"
"380","31","Veg","5","Continental","1219.65","Paneer Butter Masala"
"338","29","NonVeg","30","Chinese","1031.96","Chicken Pizza"
"399","37","NonVeg","3","Continental","452.24","Butter Chicken"
"149","55","NonVeg","3","Italian","867.72","Hakka Noodles"
"2","29","Veg","40","Chinese","599.57","Paneer Butter Masala"
"434","22","Veg","10","South Indian","315.76","Masala Dosa"
"305","21","Veg","13","Chinese","1189.57","Veg Biryani"
"233","58","Veg","3","Chinese","1325.4","Margherita Pizza"
"274","24","Veg","13","North Indian","733.4","Paneer Butter Masala"
"497","35","NonVeg","16","Chinese","988.05","Gulab Jamun"
"142","65","Veg","6","Continental","1295.18","Margherita Pizza"
"324","53","NonVeg","33","Chinese","1006.39","Hakka Noodles"
"225","50","NonVeg","18","Continental","826.26","Fish Curry"
"479","69","Veg","29","Continental","565.37","Paneer Butter Masala"
"372","39","NonVeg","8","Continental","919.33","Hakka Noodles"
"432","63","NonVeg","2","Continental","397.26","Fish Curry"
"227","49","Veg","34","Italian","1258.4","Hakka Noodles"
"355","27","NonVeg","6","Continental","832.66","Butter Chicken"
"463","43","NonVeg","27","Italian","571.61","Hakka Noodles"
"134","19","NonVeg","4","Italian","1265.27","Fish Curry"
"377","70","NonVeg","16","South Indian","883.29","Chicken Biryani"
"189","33","Veg","19","Continental","783.87","Paneer Butter Masala"
"111","44","NonVeg","4","North Indian","220.16","Chicken Biryani"
"185","62","Veg","38","Italian","1305.32","Margherita Pizza"
"288","60","NonVeg","44","Chinese","403.29","Chicken Biryani"
"101","32","Veg","43","Chinese","1328.22","Margherita Pizza"
"97","61","Veg","37","North Indian","837.25","Veg Biryani"
"260","20","Veg","39","North Indian","235.79","Paneer Butter Masala"
"77","49","NonVeg","29","Italian","639.75","Fish Curry"
"245","67","Veg","14","Italian","1142.72","Margherita Pizza"
"122","41","Veg","4","North Indian","204.42","Veg Biryani"
"5","45","Veg","18","North Indian","391.63","Paneer Butter Masala"
"382","53","NonVeg","7","North Indian","246.68","Chicken Biryani"
"339","29","Veg","26","South Indian","237.36","Masala Dosa"
"442","47","NonVeg","33","Italian","1024.67","Fish Curry"
"304","43","NonVeg","2","Chinese","511.8","Hakka Noodles"
"33","65","Veg","10","South Indian","352.68","Masala Dosa"
"137","55","Veg","33","North Indian","1052.5","Veg Biryani"
"109","44","NonVeg","43","Italian","859.39","Fish Curry"
"483","28","Veg","21","Chinese","331.42","Hakka Noodles"
"91","66","Veg","35","North Indian","365.36","Veg Biryani"
"167","66","Veg","40","South Indian","912.82","Masala Dosa"
"424","33","Veg","43","Continental","911.15","Paneer Butter Masala"
"493","31","Veg","32","North Indian","649.68","Veg Biryani"
"348","53","Veg","1","Chinese","300.77","Gulab Jamun"
"396","27","Veg","26","Continental","291.89","Hakka Noodles"
"290","19","Veg","43","North Indian","1241.3","Paneer Butter Masala"
"450","56","NonVeg","23","Italian","322.94","Fish Curry"
"337","63","Veg","34","North Indian","413.09","Paneer Butter Masala"
"129","43","NonVeg","23","Continental","943.65","Butter Chicken"
"58","35","Veg","23","Italian","247.46","Margherita Pizza"
"114","57","NonVeg","23","Chinese","667.35","Gulab Jamun"
"467","67","Veg","44","Italian","1137.03","Margherita Pizza"
"161","34","NonVeg","40","Continental","320.54","Fish Curry"
"273","67","Veg","11","Italian","567.53","Margherita Pizza"
"203","64","Veg","3","North Indian","1118.85","Paneer Butter Masala"
"55","42","Veg","35","South Indian","715.58","Masala Dosa"
"270","31","Veg","37","Italian","568.01","Margherita Pizza"
"6","52","Veg","42","Chinese","1134.64","Hakka Noodles"
"408","36","Veg","4","South Indian","998.58","Paneer Butter Masala"
"29","67","Veg","1","Continental","813.63","Margherita Pizza"
"424","23","Veg","30","North Indian","433.1","Veg Biryani"
"337","43","NonVeg","44","Italian","187.11","Fish Curry"
"115","32","Veg","44","North Indian","653","Paneer Butter Masala"
"59","31","NonVeg","34","Chinese","532.65","Gulab Jamun"
"166","46","Veg","35","Continental","758.82","Paneer Butter Masala"
"272","18","Veg","26","South Indian","378.01","Masala Dosa"
"436","52","NonVeg","30","North Indian","351.04","Chicken Biryani"
"329","48","NonVeg","6","North Indian","1171.49","Chicken Biryani"
"432","66","Veg","41","Continental","1055.34","Veg Biryani"
"468","42","Veg","24","South Indian","590.68","Gulab Jamun"
"134","50","NonVeg","11","Italian","1004.46","Fish Curry"
"299","58","Veg","7","North Indian","475.55","Veg Biryani"
"484","43","NonVeg","29","Chinese","988.53","Chicken Biryani"
"47","22","Veg","20","Chinese","996.39","Veg Biryani"
"98","30","NonVeg","36","North Indian","1302.11","Butter Chicken"
"485","39","Veg","7","Continental","647.83","Hakka Noodles"
"72","44","NonVeg","22","Chinese","499.39","Hakka Noodles"
"486","59","Veg","30","Continental","1342.74","Masala Dosa"
"264","64","NonVeg","1","Chinese","388.04","Hakka Noodles"
"266","64","NonVeg","14","South Indian","661.94","Butter Chicken"
"38","34","NonVeg","13","Italian","1377.2","Fish Curry"
"297","43","NonVeg","19","Continental","1321.38","Chicken Pizza"
"231","41","Veg","43","North Indian","448.83","Veg Biryani"
"263","20","Veg","10","North Indian","710.85","Veg Biryani"
"309","50","Veg","39","North Indian","914.36","Veg Biryani"
"231","68","Veg","43","South Indian","1253.77","Hakka Noodles"
"205","39","NonVeg","10","Italian","1299.52","Fish Curry"
"216","32","Veg","8","South Indian","263.18","Margherita Pizza"
"137","52","Veg","25","North Indian","840.11","Paneer Butter Masala"
"427","47","NonVeg","15","Italian","1352.66","Hakka Noodles"
"248","21","NonVeg","15","Continental","1379.44","Butter Chicken"
"319","30","Veg","23","Continental","320.36","Veg Biryani"
"172","25","NonVeg","24","Chinese","403.24","Gulab Jamun"
"146","36","Veg","16","Italian","406.34","Margherita Pizza"
"428","55","Veg","43","Continental","846.49","Masala Dosa"
"110","37","Veg","4","Continental","1302.71","Gulab Jamun"
"214","33","Veg","20","North Indian","943.4","Veg Biryani"
"205","69","NonVeg","35","Chinese","792.74","Chicken Pizza"
"357","29","Veg","36","Continental","424.06","Masala Dosa"
"259","56","Veg","25","Italian","1118","Margherita Pizza"
"383","24","NonVeg","12","Italian","328.29","Fish Curry"
"27","23","Veg","25","Continental","1217.92","Veg Biryani"
"374","20","Veg","2","North Indian","714.53","Veg Biryani"
"84","36","NonVeg","33","South Indian","787.45","Gulab Jamun"
"285","43","Veg","38","Continental","1270.3","Paneer Butter Masala"
"424","27","Veg","18","Italian","954","Margherita Pizza"
"52","34","Veg","15","South Indian","971.14","Paneer Butter Masala"
"341","55","Veg","15","Italian","1104.86","Hakka Noodles"
"387","32","Veg","28","Italian","898.06","Hakka Noodles"
"316","26","Veg","43","Chinese","762.6","Hakka Noodles"
"428","47","Veg","36","Chinese","1260.12","Hakka Noodles"
"16","67","Veg","38","South Indian","257.29","Paneer Butter Masala"
"386","20","Veg","7","Italian","1243.86","Margherita Pizza"
"453","35","Veg","3","Chinese","267.55","Paneer Butter Masala"
"81","31","Veg","8","South Indian","746.11","Hakka Noodles"
"72","27","NonVeg","39","Italian","1171.38","Fish Curry"
"173","59","Veg","24","Chinese","1071.69","Hakka Noodles"
"54","52","Veg","27","Continental","1210.48","Margherita Pizza"
"116","58","NonVeg","37","Chinese","1321.8","Chicken Pizza"
"338","35","Veg","27","Chinese","1224.48","Masala Dosa"
"433","65","NonVeg","3","South Indian","934.65","Gulab Jamun"
"278","36","NonVeg","15","Italian","850.95","Fish Curry"
"305","26","Veg","27","Italian","244.4","Hakka Noodles"
"213","59","NonVeg","39","North Indian","1272.87","Chicken Biryani"
"219","28","Veg","39","Continental","983.74","Veg Biryani"
"379","55","Veg","11","Italian","469.46","Hakka Noodles"
"206","21","Veg","18","Italian","991.61","Margherita Pizza"
"87","45","Veg","36","Continental","259.6","Veg Biryani"
"62","59","Veg","32","North Indian","707.93","Veg Biryani"
"80","27","Veg","40","Italian","321.7","Margherita Pizza"
"231","22","Veg","36","South Indian","1202.28","Margherita Pizza"
"358","53","Veg","11","Italian","198.33","Hakka Noodles"
"333","70","NonVeg","27","North Indian","496.89","Chicken Biryani"
"460","70","Veg","36","Italian","941.27","Hakka Noodles"
"438","41","Veg","25","Italian","482.56","Margherita Pizza"
"222","52","Veg","10","North Indian","1035.16","Veg Biryani"
"61","65","NonVeg","19","Italian","669.68","Fish Curry"
"94","54","Veg","38","South Indian","772.45","Hakka Noodles"
"48","64","NonVeg","10","North Indian","831.31","Chicken Biryani"
"115","67","NonVeg","34","Chinese","1186.78","Chicken Pizza"
"169","52","Veg","25","South Indian","446.14","Margherita Pizza"
"43","21","Veg","10","South Indian","1137.13","Margherita Pizza"
"376","38","Veg","34","Chinese","1006.24","Hakka Noodles"
"395","27","NonVeg","8","Continental","597.17","Hakka Noodles"
"483","30","NonVeg","26","Chinese","1249.68","Chicken Pizza"
"18","19","NonVeg","12","South Indian","1200.09","Gulab Jamun"
"406","63","NonVeg","33","Continental","193.26","Hakka Noodles"
"280","51","NonVeg","7","North Indian","753.91","Chicken Biryani"
"240","67","Veg","39","South Indian","837.67","Veg Biryani"
"408","33","NonVeg","40","Chinese","321.88","Butter Chicken"
"173","64","Veg","37","Italian","1039.01","Margherita Pizza"
"152","68","Veg","15","Italian","1353.82","Hakka Noodles"
"303","33","NonVeg","19","Italian","668.81","Fish Curry"
"55","51","NonVeg","14","South Indian","847.62","Gulab Jamun"
"290","41","Veg","40","Continental","1373.7","Margherita Pizza"
"380","55","Veg","34","South Indian","437","Masala Dosa"
"482","38","NonVeg","26","Italian","389.67","Fish Curry"
"500","61","Veg","32","Italian","434.2","Margherita Pizza"
"130","41","Veg","8","Italian","462.25","Hakka Noodles"
"261","32","Veg","44","Italian","1050.66","Margherita Pizza"
"296","24","Veg","9","Chinese","1194.33","Gulab Jamun"
"120","63","NonVeg","17","Chinese","355.52","Chicken Biryani"
"314","22","Veg","35","North Indian","876.3","Paneer Butter Masala"
"131","55","NonVeg","44","Chinese","780.61","Chicken Pizza"
"60","66","Veg","20","Italian","710.96","Margherita Pizza"
"349","45","NonVeg","17","Italian","668.5","Fish Curry"
"289","48","NonVeg","4","Chinese","203.61","Butter Chicken"
"88","55","Veg","7","South Indian","1252.92","Veg Biryani"
"202","49","Veg","16","South Indian","575.94","Hakka Noodles"
"471","69","Veg","31","Continental","323.46","Margherita Pizza"
"287","28","NonVeg","8","Italian","1295.1","Hakka Noodles"
"69","24","NonVeg","22","Continental","999.91","Hakka Noodles"
"106","60","Veg","25","South Indian","1311.71","Hakka Noodles"
"462","42","Veg","4","North Indian","531.73","Paneer Butter Masala"
"307","57","NonVeg","40","South Indian","943.48","Fish Curry"
"255","37","NonVeg","43","Continental","903.48","Butter Chicken"
"231","67","Veg","29","Continental","499.17","Hakka Noodles"
"82","55","Veg","8","North Indian","1057.11","Paneer Butter Masala"
"370","34","Veg","28","North Indian","959.64","Veg Biryani"
"198","30","Veg","3","Italian","809.66","Margherita Pizza"
"221","48","Veg","15","Italian","1023.12","Hakka Noodles"
"264","65","Veg","2","Italian","733.65","Margherita Pizza"
"14","30","Veg","40","Chinese","721.09","Masala Dosa"
"24","30","NonVeg","42","South Indian","1102.8","Hakka Noodles"
"351","26","Veg","33","Italian","260.74","Margherita Pizza"
"69","38","Veg","2","Continental","1045.45","Veg Biryani"
"207","58","NonVeg","9","Chinese","433.8","Butter Chicken"
"499","29","NonVeg","4","North Indian","620.67","Chicken Biryani"
"165","26","Veg","42","South Indian","652.8","Gulab Jamun"
"371","66","NonVeg","18","South Indian","1172.83","Fish Curry"
"428","26","NonVeg","33","Continental","1248.49","Butter Chicken"
"241","46","NonVeg","25","Chinese","939.94","Chicken Pizza"
"473","62","Veg","31","Chinese","1023.24","Veg Biryani"
"111","37","Veg","15","North Indian","1149.95","Veg Biryani"
"422","50","Veg","17","Chinese","987.68","Gulab Jamun"
"30","30","Veg","21","South Indian","350.45","Margherita Pizza"
"308","41","Veg","34","South Indian","1198.23","Masala Dosa"
"40","36","Veg","6","Chinese","1133.92","Masala Dosa"
"396","37","NonVeg","4","Italian","940.67","Fish Curry"
"464","42","NonVeg","43","North Indian","944.92","Chicken Biryani"
"299","59","Veg","25","South Indian","1243.91","Hakka Noodles"
"457","42","NonVeg","43","Italian","906.94","Hakka Noodles"
"139","46","Veg","39","South Indian","1096.91","Masala Dosa"
"435","25","NonVeg","23","South Indian","502.16","Fish Curry"
"496","27","Veg","10","Continental","1006.75","Veg Biryani"
"280","50","Veg","40","Italian","759.02","Margherita Pizza"
"457","54","NonVeg","2","North Indian","1232.58","Butter Chicken"
"463","55","NonVeg","39","North Indian","960.04","Chicken Biryani"
"322","27","NonVeg","28","North Indian","1052.37","Chicken Biryani"
"142","39","NonVeg","41","Chinese","1286.07","Fish Curry"
"461","40","NonVeg","13","Continental","1041.78","Chicken Biryani"
"224","59","Veg","18","Italian","1326.44","Margherita Pizza"
"235","66","NonVeg","2","South Indian","260.39","Fish Curry"
"218","47","Veg","34","South Indian","1278.14","Paneer Butter Masala"
"142","30","Veg","43","North Indian","937.91","Paneer Butter Masala"
"146","32","Veg","42","Italian","185.1","Margherita Pizza"
"198","30","Veg","34","South Indian","416.17","Paneer Butter Masala"
"249","70","Veg","38","Continental","1156.08","Veg Biryani"
"436","19","NonVeg","36","Italian","762.67","Hakka Noodles"
"270","21","Veg","15","Italian","377.35","Margherita Pizza"
"319","22","NonVeg","3","North Indian","392.33","Butter Chicken"
"161","19","Veg","32","Continental","228.41","Gulab Jamun"
"127","19","Veg","37","North Indian","1123.1","Paneer Butter Masala"
"121","52","Veg","23","North Indian","685.08","Paneer Butter Masala"
"79","41","NonVeg","2","Italian","1205.87","Fish Curry"
"451","30","NonVeg","29","Chinese","1210.92","Fish Curry"
"7","67","Veg","20","North Indian","840.33","Paneer Butter Masala"
"19","27","Veg","17","Italian","523.17","Hakka Noodles"
"215","56","NonVeg","34","Italian","656.04","Fish Curry"
"291","33","Veg","9","Chinese","377.05","Masala Dosa"
"395","61","Veg","41","North Indian","603.44","Paneer Butter Masala"
"361","21","Veg","39","North Indian","452.73","Paneer Butter Masala"
"135","70","NonVeg","26","Chinese","324.65","Hakka Noodles"
"255","36","Veg","21","Continental","746.91","Paneer Butter Masala"
"320","53","Veg","17","South Indian","698.79","Paneer Butter Masala"
"179","26","Veg","42","Italian","475.79","Hakka Noodles"
"334","61","Veg","8","Continental","1028.61","Margherita Pizza"
"157","53","Veg","2","Chinese","555.33","Paneer Butter Masala"
"237","45","Veg","39","Italian","515.95","Margherita Pizza"
"198","40","NonVeg","35","Italian","279.88","Fish Curry"
"415","63","Veg","39","Chinese","1273.64","Hakka Noodles"
"264","39","NonVeg","34","South Indian","1191.01","Chicken Pizza"
"2","69","NonVeg","6","South Indian","570.18","Chicken Biryani"
"320","33","NonVeg","43","North Indian","1240.54","Chicken Biryani"
"194","69","Veg","28","South Indian","505.94","Hakka Noodles"
"406","33","NonVeg","18","North Indian","762.05","Chicken Biryani"
"53","32","Veg","20","North Indian","1315.38","Paneer Butter Masala"
"232","49","Veg","34","Chinese","650.88","Veg Biryani"
"285","24","Veg","2","Continental","406.75","Margherita Pizza"
"219","46","NonVeg","26","North Indian","347.11","Chicken Biryani"
"342","55","Veg","37","Chinese","410.14","Hakka Noodles"
"6","43","NonVeg","42","Italian","820.42","Fish Curry"
"190","50","NonVeg","39","Continental","1288.9","Chicken Pizza"
"82","55","Veg","14","South Indian","469.71","Veg Biryani"
"372","44","NonVeg","36","Continental","982.38","Gulab Jamun"
"440","39","NonVeg","9","Continental","1117.38","Fish Curry"
"318","35","Veg","29","North Indian","851.73","Paneer Butter Masala"
"461","32","Veg","10","Chinese","248.59","Gulab Jamun"
"3","47","Veg","42","Italian","803.27","Hakka Noodles"
"490","33","NonVeg","39","North Indian","501.5","Butter Chicken"
"109","57","NonVeg","7","Chinese","779.99","Gulab Jamun"
"189","19","Veg","30","Chinese","814.73","Hakka Noodles"
"122","21","Veg","27","Italian","1165.02","Margherita Pizza"
"419","54","Veg","12","South Indian","1230.6","Hakka Noodles"
"24","43","NonVeg","13","Chinese","966.56","Butter Chicken"
"257","19","Veg","25","North Indian","1025.95","Paneer Butter Masala"
"265","32","NonVeg","44","South Indian","932.9","Chicken Pizza"
"116","24","Veg","20","South Indian","1062.67","Margherita Pizza"
"35","26","Veg","28","Continental","636.3","Veg Biryani"
"279","37","NonVeg","39","South Indian","576.67","Chicken Biryani"
"16","47","Veg","6","North Indian","1056.02","Paneer Butter Masala"
"209","30","NonVeg","11","South Indian","548.15","Chicken Pizza"
"175","57","Veg","41","Continental","1158.57","Margherita Pizza"
"430","56","Veg","15","Continental","711.63","Paneer Butter Masala"
"448","35","NonVeg","14","North Indian","1347.91","Chicken Biryani"
"289","23","Veg","1","South Indian","418.82","Masala Dosa"
"470","65","Veg","4","South Indian","963.79","Veg Biryani"
"309","48","Veg","23","Continental","428.89","Veg Biryani"
"409","40","Veg","13","Chinese","386.85","Paneer Butter Masala"
"452","39","Veg","15","Continental","806.9","Masala Dosa"
"326","25","Veg","28","Continental","1106.58","Margherita Pizza"
"416","57","Veg","35","South Indian","1283.71","Masala Dosa"
"375","54","Veg","34","Chinese","512.58","Paneer Butter Masala"
"343","36","Veg","2","Chinese","1091.81","Masala Dosa"
"252","69","Veg","6","Chinese","224.5","Paneer Butter Masala"
"220","57","Veg","20","Continental","1340.25","Margherita Pizza"
"340","58","Veg","12","Italian","1362.34","Hakka Noodles"
"355","31","Veg","11","Italian","364.43","Hakka Noodles"
"397","24","Veg","1","Italian","1338.17","Margherita Pizza"
"382","34","Veg","39","Chinese","572.96","Paneer Butter Masala"
"473","45","NonVeg","14","South Indian","551.42","Chicken Biryani"
"288","42","Veg","35","Chinese","187.21","Veg Biryani"
"359","21","Veg","39","Continental","1133.43","Gulab Jamun"
"311","41","Veg","1","Italian","954.65","Margherita Pizza"
"234","63","NonVeg","29","South Indian","1280.12","Butter Chicken"
"374","69","Veg","38","Continental","1098.31","Gulab Jamun"
"331","64","NonVeg","43","South Indian","441.73","Chicken Pizza"
"123","32","NonVeg","24","Continental","235.16","Fish Curry"
"39","69","NonVeg","30","South Indian","567.27","Chicken Pizza"
"299","69","Veg","4","North Indian","311.37","Veg Biryani"
"43","64","NonVeg","2","North Indian","1342.55","Chicken Biryani"
"280","54","Veg","19","North Indian","1332.25","Paneer Butter Masala"
"293","55","Veg","39","North Indian","445.51","Paneer Butter Masala"
"2","49","Veg","20","North Indian","983.74","Paneer Butter Masala"
"453","39","Veg","5","Continental","256.03","Hakka Noodles"
"206","22","NonVeg","4","Italian","372.74","Hakka Noodles"
"142","34","Veg","16","South Indian","802.69","Paneer Butter Masala"
"129","50","NonVeg","40","South Indian","194.29","Butter Chicken"
"139","22","NonVeg","14","Italian","278.62","Fish Curry"
"143","30","Veg","40","South Indian","963.82","Masala Dosa"
"316","50","Veg","3","Chinese","388.86","Masala Dosa"
"136","38","NonVeg","7","North Indian","1043.99","Chicken Biryani"
"400","44","NonVeg","3","South Indian","957.9","Chicken Biryani"
"500","52","NonVeg","4","Chinese","340.68","Chicken Biryani"
"39","51","NonVeg","39","Italian","1375.86","Fish Curry"
"500","69","Veg","37","Continental","932.36","Gulab Jamun"
"352","67","Veg","16","North Indian","187.24","Paneer Butter Masala"
"372","34","Veg","1","Continental","764.63","Hakka Noodles"
"475","32","Veg","2","Continental","936.78","Paneer Butter Masala"
"378","58","Veg","32","South Indian","412.82","Veg Biryani"
"268","27","Veg","1","South Indian","1139.55","Masala Dosa"
"362","48","NonVeg","6","Chinese","536.18","Hakka Noodles"
"157","53","Veg","23","Continental","583.08","Masala Dosa"
"349","65","NonVeg","44","Chinese","239.86","Gulab Jamun"
"89","33","NonVeg","36","Chinese","1317.37","Hakka Noodles"
"62","33","NonVeg","31","Continental","427.64","Chicken Pizza"
"348","28","Veg","15","Continental","450.78","Gulab Jamun"
"47","61","Veg","38","South Indian","710.38","Margherita Pizza"
"149","45","Veg","33","North Indian","1187.27","Veg Biryani"
"139","24","Veg","16","South Indian","835.79","Gulab Jamun"
"187","19","NonVeg","6","Continental","407.39","Fish Curry"
"342","65","NonVeg","37","Chinese","181.19","Chicken Pizza"
"239","26","Veg","23","Continental","281.57","Veg Biryani"
"389","50","NonVeg","17","Continental","1173.25","Butter Chicken"
"47","18","Veg","30","Continental","681.37","Margherita Pizza"
"397","69","Veg","12","Chinese","1043.48","Margherita Pizza"
"310","35","Veg","37","Continental","915.8","Margherita Pizza"
"478","58","Veg","21","Continental","1140.29","Gulab Jamun"
"203","38","NonVeg","16","Chinese","895.63","Butter Chicken"
"447","65","NonVeg","26","North Indian","888.35","Chicken Biryani"
"96","54","Veg","17","South Indian","1000.48","Margherita Pizza"
"145","46","Veg","10","Italian","367.73","Margherita Pizza"
"117","51","Veg","28","South Indian","344.41","Margherita Pizza"
"289","30","NonVeg","6","Continental","645.61","Hakka Noodles"
"219","50","NonVeg","2","South Indian","1052.44","Chicken Biryani"
"44","35","Veg","6","North Indian","1098.72","Veg Biryani"
"428","20","Veg","20","North Indian","318.6","Paneer Butter Masala"
"132","45","NonVeg","20","Continental","971.38","Butter Chicken"
"223","66","Veg","14","South Indian","915.65","Veg Biryani"
"458","23","Veg","19","North Indian","1203.51","Paneer Butter Masala"
"154","51","Veg","17","Italian","355.32","Hakka Noodles"
"94","25","NonVeg","12","Chinese","1046.03","Gulab Jamun"
"49","64","Veg","3","Italian","389.31","Margherita Pizza"
"206","51","NonVeg","7","Continental","951.6","Gulab Jamun"
"479","70","NonVeg","12","North Indian","1308.28","Butter Chicken"
"444","45","Veg","23","North Indian","1327.36","Paneer Butter Masala"
"382","38","Veg","40","North Indian","488.48","Veg Biryani"
"111","35","Veg","30","South Indian","1162.4","Veg Biryani"
"499","58","NonVeg","23","South Indian","1254.62","Hakka Noodles"
"83","20","NonVeg","35","North Indian","456.41","Butter Chicken"
"176","50","Veg","10","Italian","431.03","Margherita Pizza"
"131","69","NonVeg","17","South Indian","958.22","Chicken Pizza"
"330","46","NonVeg","6","Italian","1063.29","Hakka Noodles"
"378","62","NonVeg","3","North Indian","1248.27","Butter Chicken"
"167","26","Veg","2","North Indian","897.35","Paneer Butter Masala"
"359","69","NonVeg","27","Italian","1224.57","Hakka Noodles"
"398","42","NonVeg","11","North Indian","1063.98","Chicken Biryani"
"252","20","Veg","22","Chinese","786.02","Margherita Pizza"
"389","39","Veg","15","North Indian","893.1","Veg Biryani"
"410","28","Veg","3","South Indian","1291.83","Gulab Jamun"
"287","65","Veg","39","Italian","1311.79","Hakka Noodles"
"189","63","NonVeg","7","Continental","1333.5","Fish Curry"
"59","45","Veg","5","Italian","1176.12","Margherita Pizza"
"280","23","Veg","13","South Indian","1307.64","Hakka Noodles"
"128","27","NonVeg","36","North Indian","1351.72","Chicken Biryani"
"70","56","Veg","25","Chinese","1297.69","Margherita Pizza"
"275","28","Veg","28","North Indian","659.9","Veg Biryani"
"345","48","NonVeg","5","Continental","1020.23","Hakka Noodles"
"402","23","Veg","1","Italian","196.41","Margherita Pizza"
"340","33","Veg","44","South Indian","325.85","Veg Biryani"
"396","50","NonVeg","40","Italian","1354.53","Hakka Noodles"
"451","23","Veg","24","Chinese","191.74","Gulab Jamun"
"303","43","Veg","13","Chinese","859.24","Gulab Jamun"
"311","45","Veg","41","Italian","583.21","Hakka Noodles"
"456","39","NonVeg","13","Chinese","1224.46","Gulab Jamun"
"483","63","Veg","32","North Indian","1258.49","Paneer Butter Masala"
"498","28","NonVeg","1","Italian","1261.93","Fish Curry"
"403","37","Veg","25","Chinese","267.12","Gulab Jamun"
"49","30","NonVeg","29","Continental","384.54","Butter Chicken"
"353","18","NonVeg","7","South Indian","1368.23","Hakka Noodles"
"309","61","Veg","30","Italian","950.06","Margherita Pizza"
"156","36","Veg","20","Continental","931.21","Veg Biryani"
"12","21","NonVeg","36","Chinese","307.8","Chicken Pizza"
"316","60","Veg","33","North Indian","1220.26","Veg Biryani"
"98","48","Veg","41","Continental","525.88","Paneer Butter Masala"
"274","58","Veg","19","Continental","404.56","Gulab Jamun"
"443","23","Veg","24","South Indian","1122.69","Paneer Butter Masala"
"475","36","Veg","39","South Indian","999.22","Veg Biryani"
"19","25","Veg","35","Continental","1363.94","Gulab Jamun"
"391","22","Veg","15","Italian","319.36","Hakka Noodles"
"144","48","NonVeg","41","South Indian","752.42","Chicken Biryani"
"342","65","NonVeg","4","North Indian","1076.5","Chicken Biryani"
"106","61","Veg","27","North Indian","474.92","Veg Biryani"
"315","70","NonVeg","9","Chinese","791.61","Chicken Biryani"
"17","32","NonVeg","30","South Indian","304.77","Hakka Noodles"
"391","25","NonVeg","10","Continental","975.36","Fish Curry"
"124","30","NonVeg","11","Chinese","605.03","Fish Curry"
"132","23","Veg","39","Chinese","863.07","Gulab Jamun"
"296","24","NonVeg","43","Chinese","969.31","Butter Chicken"
"313","68","NonVeg","29","Italian","959.65","Fish Curry"
"333","21","Veg","26","South Indian","696.85","Veg Biryani"
"379","44","NonVeg","7","Continental","639.4","Butter Chicken"
"81","61","Veg","24","Chinese","1102.55","Veg Biryani"
"9","40","Veg","1","South Indian","406.53","Hakka Noodles"
"135","69","Veg","31","Italian","924.61","Margherita Pizza"
"19","54","Veg","7","South Indian","898.47","Hakka Noodles"
"321","70","NonVeg","13","Continental","1181.67","Fish Curry"
"71","33","Veg","39","North Indian","737.48","Veg Biryani"
"326","40","Veg","11","Italian","956.99","Hakka Noodles"
"257","58","Veg","34","Italian","765.32","Margherita Pizza"
"64","45","Veg","8","South Indian","329.76","Masala Dosa"
"214","32","Veg","16","Chinese","632.25","Hakka Noodles"
"348","50","Veg","7","Continental","332.97","Veg Biryani"
"138","21","NonVeg","42","Continental","643.14","Chicken Pizza"
"119","37","Veg","16","Italian","333.41","Margherita Pizza"
"385","35","NonVeg","15","Chinese","197.17","Hakka Noodles"
"71","18","NonVeg","12","Continental","449.19","Gulab Jamun"
"73","69","Veg","16","Chinese","1162.55","Hakka Noodles"
"225","23","Veg","33","South Indian","1202.14","Paneer Butter Masala"
"458","48","Veg","11","North Indian","407.88","Veg Biryani"
"142","41","Veg","5","Continental","1290.39","Gulab Jamun"
"28","45","Veg","8","Chinese","341.39","Hakka Noodles"
"195","33","NonVeg","14","Continental","290.44","Butter Chicken"
"118","53","Veg","8","Chinese","564.79","Margherita Pizza"
"223","23","NonVeg","2","North Indian","451.43","Chicken Biryani"
"268","67","NonVeg","40","South Indian","1212.89","Chicken Pizza"
"289","35","Veg","32","Italian","651.26","Margherita Pizza"
"135","47","Veg","5","Continental","810.33","Margherita Pizza"
"384","30","Veg","27","Continental","237.25","Paneer Butter Masala"
"209","29","NonVeg","40","North Indian","913.18","Chicken Biryani"
"180","56","NonVeg","11","Italian","1204.54","Hakka Noodles"
"169","34","Veg","41","Italian","970.04","Hakka Noodles"
"269","65","Veg","31","Continental","390.85","Margherita Pizza"
"355","37","Veg","36","South Indian","1103.12","Gulab Jamun"
"57","28","Veg","35","Continental","373.61","Veg Biryani"
"421","53","Veg","30","Continental","1272.24","Veg Biryani"
"457","32","Veg","18","Chinese","694.9","Margherita Pizza"
"163","46","Veg","20","South Indian","1234.94","Masala Dosa"
"180","21","Veg","4","Italian","959.25","Margherita Pizza"
"62","48","NonVeg","22","North Indian","448.38","Chicken Biryani"
"114","38","Veg","12","North Indian","1014.22","Veg Biryani"
"48","33","Veg","15","Italian","1136.08","Margherita Pizza"
"328","62","Veg","13","South Indian","1126.65","Masala Dosa"
"297","50","Veg","12","Italian","760.13","Hakka Noodles"
"344","19","Veg","10","Continental","1126.4","Paneer Butter Masala"
"79","52","Veg","9","North Indian","297.18","Paneer Butter Masala"
"387","34","NonVeg","38","Chinese","495.51","Chicken Biryani"
"371","26","NonVeg","20","South Indian","743.39","Fish Curry"
"383","66","Veg","10","North Indian","941.52","Paneer Butter Masala"
"141","25","Veg","1","North Indian","669.08","Paneer Butter Masala"
"93","64","Veg","31","North Indian","775.89","Paneer Butter Masala"
"152","62","NonVeg","10","Italian","1163.64","Hakka Noodles"
"431","44","NonVeg","15","Chinese","1315.56","Hakka Noodles"
"365","40","Veg","21","Continental","650.53","Masala Dosa"
"88","50","Veg","38","Continental","769.39","Margherita Pizza"
"139","26","Veg","43","Chinese","846.96","Margherita Pizza"
"44","36","Veg","36","Continental","734.43","Gulab Jamun"
"320","54","Veg","21","Chinese","685.12","Paneer Butter Masala"
"225","70","Veg","5","South Indian","727.09","Veg Biryani"
"112","23","Veg","15","South Indian","333.38","Margherita Pizza"
"166","25","Veg","18","South Indian","880.75","Margherita Pizza"
"42","50","NonVeg","41","Chinese","951.01","Butter Chicken"
"462","50","Veg","4","South Indian","823.33","Gulab Jamun"
"89","37","Veg","5","Continental","1172.29","Paneer Butter Masala"
"122","33","Veg","15","Italian","1216.83","Margherita Pizza"
"277","41","Veg","37","North Indian","550.1","Paneer Butter Masala"
"191","70","Veg","36","North Indian","620.95","Paneer Butter Masala"
"249","48","NonVeg","27","South Indian","540.62","Fish Curry"
"385","46","Veg","34","South Indian","364.67","Masala Dosa"
"159","66","Veg","35","Italian","1187.06","Hakka Noodles"
"85","62","Veg","11","South Indian","624.66","Gulab Jamun"
"190","51","NonVeg","21","South Indian","1135.21","Fish Curry"
"362","61","Veg","25","Chinese","1076.15","Gulab Jamun"
"454","59","NonVeg","7","North Indian","1120.09","Chicken Biryani"
"40","49","Veg","24","North Indian","257.82","Paneer Butter Masala"
"363","48","Veg","41","South Indian","573.54","Hakka Noodles"
"456","55","Veg","16","South Indian","647.74","Gulab Jamun"
"42","68","NonVeg","5","South Indian","892.94","Fish Curry"
"28","45","Veg","26","North Indian","493.2","Paneer Butter Masala"
"16","18","Veg","33","Continental","540.21","Veg Biryani"
"125","22","Veg","19","Chinese","1376.46","Hakka Noodles"
"46","43","NonVeg","18","Chinese","1375.95","Hakka Noodles"
"324","23","NonVeg","21","Italian","1374.78","Hakka Noodles"
"30","53","Veg","3","South Indian","984.21","Hakka Noodles"
"347","56","Veg","4","Chinese","1236.8","Masala Dosa"
"434","58","Veg","27","Chinese","1181.53","Masala Dosa"
"17","38","Veg","12","North Indian","1337.68","Paneer Butter Masala"
"452","35","Veg","14","South Indian","640.03","Paneer Butter Masala"
"207","19","Veg","15","South Indian","407.29","Masala Dosa"
"377","31","Veg","6","South Indian","657.28","Veg Biryani"
"169","44","NonVeg","8","Continental","1115.61","Chicken Biryani"
"139","35","Veg","32","Continental","212.11","Gulab Jamun"
"200","38","Veg","22","Chinese","1127.92","Veg Biryani"
"372","68","Veg","29","South Indian","724.87","Paneer Butter Masala"
"71","28","NonVeg","25","North Indian","514.58","Butter Chicken"
"416","21","Veg","27","North Indian","858.27","Paneer Butter Masala"
"352","46","Veg","8","Chinese","342.28","Hakka Noodles"
"432","68","Veg","27","Chinese","605.12","Masala Dosa"
"273","66","Veg","15","Italian","892.53","Margherita Pizza"
"64","25","NonVeg","33","North Indian","345.12","Butter Chicken"
"157","25","NonVeg","10","Continental","862.81","Hakka Noodles"
"206","34","NonVeg","15","Italian","229.45","Fish Curry"
"123","33","Veg","41","Continental","512.6","Hakka Noodles"
"83","64","Veg","43","South Indian","521.72","Gulab Jamun"
"204","61","Veg","44","Italian","869.47","Hakka Noodles"
"400","53","NonVeg","35","South Indian","838.78","Gulab Jamun"
"303","65","Veg","25","North Indian","342.81","Paneer Butter Masala"
"423","28","Veg","38","Continental","1239.22","Paneer Butter Masala"
"134","64","Veg","13","South Indian","358.16","Paneer Butter Masala"
"240","44","Veg","21","South Indian","183.41","Hakka Noodles"
"313","61","Veg","33","North Indian","716","Paneer Butter Masala"
"497","58","Veg","7","Italian","852.9","Margherita Pizza"
"314","63","Veg","31","North Indian","854.53","Paneer Butter Masala"
"396","59","Veg","18","Italian","817.12","Hakka Noodles"
"198","34","NonVeg","6","North Indian","331.08","Chicken Biryani"
"184","40","NonVeg","20","North Indian","444.7","Chicken Biryani"
"54","63","NonVeg","26","North Indian","510.22","Chicken Biryani"
"315","54","Veg","20","Chinese","1201.21","Masala Dosa"
"20","51","NonVeg","41","South Indian","1180.27","Fish Curry"
"226","55","Veg","20","North Indian","895.79","Veg Biryani"
"222","58","Veg","16","South Indian","492.28","Veg Biryani"
"464","43","Veg","12","Continental","1001.5","Margherita Pizza"
"313","26","Veg","13","Chinese","1099.27","Paneer Butter Masala"
"396","58","NonVeg","18","Italian","573.56","Fish Curry"
"81","48","Veg","30","North Indian","966.23","Paneer Butter Masala"
"466","25","Veg","26","North Indian","403.44","Paneer Butter Masala"
"70","22","Veg","7","Chinese","315.31","Paneer Butter Masala"
"272","63","Veg","37","North Indian","1172.27","Paneer Butter Masala"
"4","60","NonVeg","42","Continental","963.44","Butter Chicken"
"460","35","NonVeg","2","Italian","1098.61","Hakka Noodles"
"4","58","Veg","26","Chinese","1012.92","Veg Biryani"
"338","43","NonVeg","10","South Indian","961.17","Hakka Noodles"
"354","69","NonVeg","37","Continental","921.16","Hakka Noodles"
"179","19","Veg","24","Chinese","1288.53","Gulab Jamun"
"381","30","Veg","16","North Indian","444.22","Veg Biryani"
"44","66","Veg","6","South Indian","825.3","Gulab Jamun"
"158","41","NonVeg","1","Chinese","578.08","Hakka Noodles"
"173","18","NonVeg","7","South Indian","434.11","Chicken Pizza"
"374","41","Veg","34","North Indian","959.11","Veg Biryani"
"125","21","Veg","19","Continental","1276.02","Margherita Pizza"
"34","66","Veg","4","Chinese","923.93","Masala Dosa"
"287","27","NonVeg","27","Italian","230.72","Fish Curry"
"111","33","NonVeg","1","North Indian","680.77","Chicken Biryani"
"238","23","Veg","40","South Indian","588.02","Margherita Pizza"
"195","25","NonVeg","19","Italian","257.48","Fish Curry"
"51","19","Veg","27","North Indian","511.37","Paneer Butter Masala"
"124","40","Veg","27","North Indian","389.65","Paneer Butter Masala"
"391","21","NonVeg","22","Italian","215.02","Fish Curry"
"406","62","Veg","13","North Indian","890.33","Paneer Butter Masala"
"20","29","NonVeg","44","North Indian","401.39","Chicken Biryani"
"132","37","Veg","7","Italian","323.91","Hakka Noodles"
"338","39","Veg","8","South Indian","454.96","Veg Biryani"
"42","57","Veg","2","Continental","910.06","Veg Biryani"
"95","70","NonVeg","31","South Indian","528.78","Fish Curry"
"101","59","Veg","44","Chinese","430.57","Margherita Pizza"
"351","55","Veg","41","South Indian","800.58","Paneer Butter Masala"
"217","66","NonVeg","16","North Indian","342.66","Butter Chicken"
"243","30","Veg","26","Continental","1325.98","Veg Biryani"
"188","25","Veg","37","Italian","268.37","Margherita Pizza"
"306","52","NonVeg","1","North Indian","749.19","Chicken Biryani"
"17","19","Veg","5","North Indian","638.62","Veg Biryani"
"40","57","Veg","7","South Indian","1088.66","Hakka Noodles"
"274","32","NonVeg","12","Italian","1037.81","Hakka Noodles"
"286","69","NonVeg","20","North Indian","571.96","Chicken Biryani"
"135","53","NonVeg","30","South Indian","1165.79","Hakka Noodles"
"109","33","NonVeg","26","Italian","723.1","Hakka Noodles"
"196","40","Veg","14","Chinese","533.08","Gulab Jamun"
"181","30","NonVeg","34","Chinese","256.95","Hakka Noodles"
"28","55","Veg","3","Chinese","734.96","Veg Biryani"
"38","21","NonVeg","42","Italian","1153.77","Hakka Noodles"
"498","70","NonVeg","12","Chinese","576.05","Hakka Noodles"
"272","33","Veg","2","North Indian","395.19","Paneer Butter Masala"
"214","18","Veg","34","Continental","1269.08","Hakka Noodles"
"290","52","NonVeg","44","Italian","374.83","Fish Curry"
"179","23","Veg","22","South Indian","559.88","Hakka Noodles"
"125","66","Veg","33","Italian","619.94","Margherita Pizza"
"209","22","Veg","13","North Indian","793.47","Paneer Butter Masala"
"28","23","Veg","40","North Indian","957.44","Paneer Butter Masala"
"172","50","Veg","8","South Indian","678.33","Veg Biryani"
"99","36","NonVeg","38","Italian","403.63","Fish Curry"
"54","24","Veg","24","North Indian","393.91","Paneer Butter Masala"
"286","57","Veg","29","Chinese","374.93","Margherita Pizza"
"497","57","Veg","30","Italian","541.85","Hakka Noodles"
"151","39","Veg","42","Italian","1265.42","Hakka Noodles"
"367","66","Veg","15","Italian","442.35","Margherita Pizza"
"486","59","Veg","21","South Indian","1317.79","Hakka Noodles"
"426","51","Veg","12","Italian","1108.06","Margherita Pizza"
"304","48","NonVeg","39","North Indian","425.09","Chicken Biryani"
"358","46","Veg","13","Italian","1146.58","Margherita Pizza"
"421","39","Veg","42","South Indian","1185.68","Paneer Butter Masala"
"483","31","Veg","16","North Indian","207.29","Paneer Butter Masala"
"389","30","Veg","6","Chinese","719.55","Margherita Pizza"
"172","18","Veg","1","Italian","330.37","Hakka Noodles"
"117","52","NonVeg","7","North Indian","487.29","Chicken Biryani"
"119","44","Veg","42","South Indian","192.77","Hakka Noodles"
"159","45","NonVeg","8","Italian","951.59","Fish Curry"
"157","45","NonVeg","16","North Indian","1304.97","Chicken Biryani"
"197","36","NonVeg","32","Continental","777.19","Chicken Pizza"
"302","38","Veg","34","South Indian","1057","Gulab Jamun"
"367","57","Veg","20","North Indian","828.74","Paneer Butter Masala"
"245","33","NonVeg","22","Continental","212.26","Gulab Jamun"
"66","29","Veg","15","Chinese","1285.48","Veg Biryani"
"74","34","Veg","23","South Indian","1193.35","Gulab Jamun"
"70","47","Veg","41","Italian","1036.55","Margherita Pizza"
"386","61","NonVeg","18","Continental","874.36","Gulab Jamun"
"29","47","Veg","21","South Indian","1264.43","Gulab Jamun"
"82","47","Veg","36","Italian","746.12","Margherita Pizza"
"218","30","NonVeg","31","Continental","882.83","Fish Curry"
"372","38","Veg","14","Italian","600.63","Margherita Pizza"
"195","35","NonVeg","16","Continental","613.33","Butter Chicken"
"377","20","NonVeg","42","North Indian","287.79","Butter Chicken"
"497","44","NonVeg","11","North Indian","1350.11","Butter Chicken"
"295","38","NonVeg","44","Chinese","581.58","Hakka Noodles"
"90","62","NonVeg","25","North Indian","557.09","Chicken Biryani"
"115","56","Veg","5","Italian","1108.36","Hakka Noodles"
"99","54","NonVeg","22","Chinese","1000.03","Chicken Pizza"
"445","25","Veg","17","North Indian","1081.97","Veg Biryani"
"469","50","Veg","2","South Indian","1140.18","Veg Biryani"
"100","36","NonVeg","35","South Indian","866.93","Chicken Pizza"
"383","70","NonVeg","9","North Indian","1095.64","Chicken Biryani"
"350","30","NonVeg","29","Italian","649.7","Fish Curry"
"356","53","Veg","25","North Indian","528.82","Paneer Butter Masala"
"62","52","Veg","43","North Indian","530.63","Veg Biryani"
"175","18","Veg","5","Chinese","1379.47","Hakka Noodles"
"71","58","NonVeg","44","North Indian","328.97","Chicken Biryani"
"189","25","NonVeg","18","South Indian","465.82","Hakka Noodles"
"334","25","Veg","13","South Indian","765.32","Margherita Pizza"
"172","23","Veg","21","South Indian","951.04","Margherita Pizza"
"109","37","NonVeg","18","Italian","600.43","Fish Curry"
"452","19","Veg","8","Italian","863.9","Margherita Pizza"
"256","28","NonVeg","3","Italian","1073.82","Fish Curry"
"438","34","Veg","23","Continental","996.4","Gulab Jamun"
"333","55","NonVeg","22","Italian","1137.13","Fish Curry"
"390","52","NonVeg","40","North Indian","373.47","Chicken Biryani"
"53","31","NonVeg","41","North Indian","1097.96","Chicken Biryani"
"454","40","NonVeg","40","Italian","1179.27","Fish Curry"
"24","31","NonVeg","30","Continental","588.46","Chicken Biryani"
"166","28","Veg","34","Chinese","466.54","Gulab Jamun"
"276","68","Veg","26","North Indian","1058.3","Veg Biryani"
"31","47","NonVeg","41","Italian","1104.41","Fish Curry"
"140","60","Veg","43","Italian","1089.24","Margherita Pizza"
"199","25","Veg","37","South Indian","1057.68","Margherita Pizza"
"33","42","Veg","24","North Indian","1108.9","Paneer Butter Masala"
"234","39","Veg","5","South Indian","607.34","Gulab Jamun"
"350","59","Veg","26","Chinese","1363.99","Gulab Jamun"
"192","57","Veg","22","Continental","243.42","Masala Dosa"
"402","33","NonVeg","1","Chinese","364.45","Butter Chicken"
"46","26","Veg","44","South Indian","1374.96","Gulab Jamun"
"203","24","Veg","18","Continental","1152.85","Gulab Jamun"
"187","51","Veg","33","South Indian","1016.01","Veg Biryani"
"357","55","Veg","32","North Indian","998.24","Paneer Butter Masala"
"58","55","Veg","9","North Indian","977.35","Veg Biryani"
"304","23","Veg","44","Italian","911.35","Hakka Noodles"
"313","47","NonVeg","11","North Indian","1352.91","Chicken Biryani"
"330","68","Veg","21","South Indian","695.95","Paneer Butter Masala"
"232","47","Veg","14","South Indian","632.65","Hakka Noodles"
"207","18","NonVeg","7","North Indian","527.6","Chicken Biryani"
"262","44","NonVeg","4","Chinese","1099.09","Chicken Pizza"
"72","61","NonVeg","31","Italian","286.81","Fish Curry"
"380","56","NonVeg","11","Chinese","728.88","Chicken Biryani"
"279","23","Veg","11","Chinese","353.19","Veg Biryani"
"274","38","NonVeg","31","North Indian","433.82","Butter Chicken"
"229","55","Veg","30","South Indian","342.9","Masala Dosa"
"366","54","NonVeg","13","Chinese","563.29","Gulab Jamun"
"143","22","Veg","37","Continental","964.3","Masala Dosa"
"193","29","Veg","28","Continental","1338.37","Paneer Butter Masala"
"215","28","Veg","39","North Indian","895.44","Paneer Butter Masala"
"6","52","Veg","15","Italian","543.49","Margherita Pizza"
"217","31","Veg","37","Continental","1171.34","Masala Dosa"
"156","42","Veg","25","Continental","494.65","Masala Dosa"
"251","33","Veg","8","North Indian","264.79","Paneer Butter Masala"
"238","48","Veg","32","Italian","541.91","Margherita Pizza"
"217","64","Veg","16","Italian","508.06","Margherita Pizza"
"478","52","NonVeg","7","Chinese","1322.87","Butter Chicken"
"374","66","Veg","15","South Indian","321.54","Gulab Jamun"
"175","22","Veg","11","North Indian","794.04","Paneer Butter Masala"
"342","36","Veg","24","North Indian","1329.88","Veg Biryani"
"291","40","Veg","44","South Indian","1233.78","Margherita Pizza"
"318","29","Veg","6","North Indian","834.45","Paneer Butter Masala"
"330","29","Veg","9","South Indian","1052.82","Hakka Noodles"
"393","46","Veg","34","North Indian","280.25","Paneer Butter Masala"
"156","36","NonVeg","44","Chinese","505.53","Hakka Noodles"
"252","31","Veg","11","South Indian","379.61","Veg Biryani"
"439","20","Veg","43","North Indian","1038.37","Paneer Butter Masala"
"66","19","NonVeg","11","South Indian","209.69","Gulab Jamun"
"441","29","Veg","35","South Indian","1135.2","Margherita Pizza"
"429","50","Veg","13","North Indian","568.68","Veg Biryani"
"481","46","Veg","25","Continental","367.81","Veg Biryani"
"247","67","Veg","17","Chinese","1270.58","Gulab Jamun"
"164","62","Veg","11","Chinese","395.8","Paneer Butter Masala"
"16","56","Veg","17","Italian","926.46","Hakka Noodles"
"214","42","NonVeg","18","Chinese","202.86","Hakka Noodles"
"250","57","Veg","39","Chinese","383.87","Paneer Butter Masala"
"146","48","Veg","40","Italian","645.94","Margherita Pizza"
"393","68","Veg","7","North Indian","816.86","Veg Biryani"
"400","46","Veg","24","North Indian","1296.48","Paneer Butter Masala"
"237","34","Veg","40","Continental","257.46","Gulab Jamun"
"43","67","Veg","1","South Indian","1174.01","Hakka Noodles"
"82","47","Veg","11","Italian","1067.35","Margherita Pizza"
"254","57","NonVeg","22","South Indian","951.49","Gulab Jamun"
"105","21","Veg","11","South Indian","1018.23","Veg Biryani"
"128","32","Veg","15","Continental","1162.55","Veg Biryani"
"9","30","NonVeg","31","North Indian","1019.83","Chicken Biryani"
"488","38","NonVeg","9","South Indian","944.3","Chicken Pizza"
"286","69","NonVeg","19","Italian","1337.24","Fish Curry"
"435","36","Veg","6","Chinese","1229.78","Margherita Pizza"
"148","37","Veg","41","Continental","1270.26","Paneer Butter Masala"
"252","40","Veg","42","Chinese","769.59","Hakka Noodles"
"343","65","Veg","3","North Indian","461.27","Veg Biryani"
"144","52","Veg","38","Continental","999.26","Margherita Pizza"
"442","66","Veg","37","Italian","356.75","Margherita Pizza"
"12","40","Veg","33","South Indian","997.27","Margherita Pizza"
"280","62","Veg","21","Italian","262.93","Margherita Pizza"
"234","63","NonVeg","29","North Indian","401.86","Butter Chicken"
"355","39","Veg","10","North Indian","188.13","Veg Biryani"
"255","47","Veg","16","North Indian","924.33","Paneer Butter Masala"
"234","23","NonVeg","25","South Indian","972.39","Gulab Jamun"
"406","49","Veg","27","South Indian","1053.52","Margherita Pizza"
"31","35","Veg","43","North Indian","677.81","Paneer Butter Masala"
"7","63","Veg","30","Italian","558.8","Margherita Pizza"
"147","37","Veg","20","North Indian","242.05","Veg Biryani"
"373","66","NonVeg","24","North Indian","180.48","Chicken Biryani"
"409","23","NonVeg","13","Chinese","1256.95","Hakka Noodles"
"109","31","NonVeg","10","South Indian","716.18","Fish Curry"
"119","48","NonVeg","16","Continental","725.43","Chicken Biryani"
"113","55","Veg","30","North Indian","802.07","Veg Biryani"
"212","60","Veg","19","Italian","558.89","Margherita Pizza"
"380","54","NonVeg","19","South Indian","414.25","Chicken Pizza"
"55","37","NonVeg","27","South Indian","269.38","Gulab Jamun"
"166","45","Veg","25","North Indian","790.17","Paneer Butter Masala"
"205","67","Veg","17","Chinese","891.54","Gulab Jamun"
"231","20","NonVeg","6","Chinese","1134.26","Gulab Jamun"
"443","51","Veg","12","Continental","753.72","Margherita Pizza"
"165","63","NonVeg","20","North Indian","318.1","Butter Chicken"
"139","22","Veg","36","Continental","290.33","Masala Dosa"
"377","49","NonVeg","27","North Indian","599.11","Butter Chicken"
"158","69","Veg","13","Italian","957.36","Hakka Noodles"
"443","67","Veg","2","South Indian","714.54","Margherita Pizza"
"38","68","Veg","22","Continental","277.18","Hakka Noodles"
"485","44","NonVeg","31","South Indian","401.64","Hakka Noodles"
"23","55","NonVeg","6","Chinese","338.35","Chicken Pizza"
"451","26","Veg","21","North Indian","197.12","Paneer Butter Masala"
"80","66","Veg","29","Chinese","649.19","Veg Biryani"
"323","24","Veg","12","North Indian","994.75","Paneer Butter Masala"
"234","19","Veg","21","Italian","595.38","Margherita Pizza"
"114","21","Veg","14","Continental","1189.62","Gulab Jamun"
"391","54","NonVeg","3","North Indian","387.72","Chicken Biryani"
"291","40","Veg","35","North Indian","1150.81","Veg Biryani"
"292","67","Veg","20","Continental","659.36","Masala Dosa"
"66","51","Veg","30","North Indian","702.11","Veg Biryani"
"430","35","NonVeg","25","South Indian","1299.79","Chicken Pizza"
"219","28","Veg","23","South Indian","1216.41","Margherita Pizza"
"303","48","Veg","24","Chinese","1242.62","Paneer Butter Masala"
"60","43","Veg","20","Continental","951.06","Veg Biryani"
"22","38","Veg","33","South Indian","959.72","Hakka Noodles"
"51","41","NonVeg","39","South Indian","1045.26","Chicken Pizza"
"375","62","NonVeg","24","Continental","356.47","Chicken Biryani"
"28","63","Veg","25","North Indian","812.63","Veg Biryani"
"421","26","Veg","13","North Indian","1069.92","Paneer Butter Masala"
"401","67","NonVeg","10","Chinese","652.27","Hakka Noodles"
"67","53","Veg","8","Chinese","783.34","Masala Dosa"
"321","23","NonVeg","22","Continental","622.37","Hakka Noodles"
"267","62","Veg","6","North Indian","1364.88","Paneer Butter Masala"
"150","34","Veg","44","Italian","492.04","Hakka Noodles"
"457","32","Veg","34","South Indian","1317.46","Gulab Jamun"
"89","41","Veg","2","South Indian","1287.08","Margherita Pizza"
"20","41","Veg","17","Chinese","419.57","Margherita Pizza"
"48","46","Veg","18","North Indian","503.1","Paneer Butter Masala"
"184","45","Veg","11","North Indian","1181.68","Veg Biryani"
"420","58","Veg","19","Chinese","1054.81","Hakka Noodles"
"193","54","NonVeg","3","North Indian","605.61","Butter Chicken"
"438","35","NonVeg","3","Chinese","490.88","Fish Curry"
"365","50","Veg","30","South Indian","1162.05","Masala Dosa"
"464","61","Veg","4","Chinese","1153.32","Margherita Pizza"
"337","57","Veg","21","Continental","420.9","Hakka Noodles"
"427","36","NonVeg","41","South Indian","1031.87","Butter Chicken"
"103","25","Veg","26","North Indian","769.12","Paneer Butter Masala"
"71","39","Veg","41","Chinese","310.32","Margherita Pizza"
"434","34","Veg","24","Continental","729.48","Hakka Noodles"
"292","61","NonVeg","3","Italian","422.29","Fish Curry"
"133","23","Veg","5","Chinese","1233.31","Margherita Pizza"
"346","31","Veg","15","Italian","1045.91","Margherita Pizza"
"167","27","Veg","5","Italian","818.41","Hakka Noodles"
"19","47","Veg","12","South Indian","1362.1","Gulab Jamun"
"156","24","Veg","13","Italian","926","Margherita Pizza"
"149","70","NonVeg","11","Continental","1230.84","Hakka Noodles"
"27","22","Veg","33","South Indian","391.26","Masala Dosa"
"326","47","Veg","30","Continental","480.49","Margherita Pizza"
"280","54","Veg","40","Continental","454.42","Paneer Butter Masala"
"74","32","NonVeg","5","North Indian","636.67","Chicken Biryani"
"96","68","NonVeg","29","Continental","223.65","Gulab Jamun"
"236","43","Veg","36","Italian","1360.82","Margherita Pizza"
"278","57","Veg","17","Chinese","971.38","Margherita Pizza"
"143","55","NonVeg","29","South Indian","1065.34","Chicken Pizza"
"405","29","Veg","36","Chinese","1266.88","Veg Biryani"
"301","57","Veg","10","North Indian","731.61","Paneer Butter Masala"
"109","41","Veg","11","North Indian","286.27","Paneer Butter Masala"
"262","52","Veg","32","Chinese","890.44","Hakka Noodles"
"125","40","Veg","14","North Indian","1268.27","Veg Biryani"
"134","33","NonVeg","4","North Indian","973.81","Chicken Biryani"
"3","35","Veg","9","North Indian","1325.09","Paneer Butter Masala"
"134","19","Veg","29","Italian","260.52","Hakka Noodles"
"283","42","NonVeg","14","North Indian","523.03","Chicken Biryani"
"157","33","Veg","25","Continental","602.78","Masala Dosa"
"77","70","Veg","19","North Indian","1319.19","Veg Biryani"
"154","28","Veg","29","Italian","801.92","Margherita Pizza"
"202","27","Veg","37","Chinese","1358.89","Gulab Jamun"
"416","63","NonVeg","17","Chinese","1023.37","Fish Curry"
"25","25","Veg","27","Chinese","1010.17","Veg Biryani"
"15","69","Veg","6","South Indian","316.26","Masala Dosa"
"127","34","Veg","34","Chinese","489.08","Masala Dosa"
"58","43","Veg","17","Chinese","1271.77","Paneer Butter Masala"
"67","28","Veg","11","North Indian","566.23","Paneer Butter Masala"
"32","22","NonVeg","37","North Indian","489.84","Chicken Biryani"
"101","51","Veg","39","Chinese","628.73","Masala Dosa"
"276","28","Veg","20","Chinese","874.48","Gulab Jamun"
"327","20","NonVeg","35","South Indian","1301.08","Gulab Jamun"
"385","18","Veg","35","Continental","1255.69","Hakka Noodles"
"115","19","NonVeg","44","Continental","406.14","Gulab Jamun"
"428","57","NonVeg","24","Italian","1276.58","Fish Curry"
"1","36","Veg","33","Continental","877.32","Gulab Jamun"
"16","46","NonVeg","15","North Indian","672.65","Chicken Biryani"
"315","55","NonVeg","22","North Indian","699.33","Chicken Biryani"
"89","25","NonVeg","18","Italian","567.32","Hakka Noodles"
"155","45","NonVeg","1","South Indian","1138.6","Hakka Noodles"
"327","57","Veg","14","North Indian","1100.52","Veg Biryani"
"245","48","NonVeg","35","Chinese","417.57","Chicken Biryani"
"19","63","Veg","22","North Indian","451.02","Veg Biryani"
"109","70","Veg","12","South Indian","1168.82","Paneer Butter Masala"
"8","46","NonVeg","27","South Indian","1046.95","Hakka Noodles"
"485","50","Veg","30","North Indian","1351.36","Veg Biryani"
"278","60","NonVeg","6","Chinese","1005.26","Butter Chicken"
"329","68","Veg","26","Italian","504.49","Hakka Noodles"
"371","58","NonVeg","42","North Indian","702.51","Chicken Biryani"
"27","37","Veg","21","North Indian","748.84","Paneer Butter Masala"
"126","18","NonVeg","11","Continental","263.51","Fish Curry"
"98","58","NonVeg","6","North Indian","975.44","Chicken Biryani"
"290","21","NonVeg","20","North Indian","610.81","Chicken Biryani"
"425","53","Veg","24","Chinese","452.29","Masala Dosa"
"222","66","Veg","10","Chinese","781","Veg Biryani"
"473","24","NonVeg","9","South Indian","665.59","Gulab Jamun"
"499","43","NonVeg","34","Continental","836.45","Fish Curry"
"147","21","Veg","6","North Indian","750.55","Veg Biryani"
"168","27","Veg","38","Chinese","663.38","Veg Biryani"
"428","34","Veg","8","Continental","1081.41","Paneer Butter Masala"
"469","38","NonVeg","42","South Indian","939.92","Butter Chicken"
"92","59","NonVeg","30","Chinese","1202.06","Butter Chicken"
"425","44","Veg","2","North Indian","359.81","Paneer Butter Masala"
"472","53","Veg","1","South Indian","912.45","Masala Dosa"
"85","48","NonVeg","36","Chinese","352.05","Chicken Pizza"
"343","50","NonVeg","38","North Indian","608.42","Chicken Biryani"
"198","69","NonVeg","25","North Indian","360.49","Butter Chicken"
"409","39","NonVeg","27","North Indian","185.68","Chicken Biryani"
"359","57","NonVeg","2","Continental","1371.5","Chicken Biryani"
"112","66","Veg","32","Continental","197.85","Gulab Jamun"
"446","42","NonVeg","35","North Indian","377.48","Butter Chicken"
"343","48","Veg","21","Italian","837.86","Margherita Pizza"
"80","34","Veg","7","North Indian","601.42","Veg Biryani"
"434","25","Veg","17","Continental","1341.7","Hakka Noodles"
"35","18","Veg","6","Continental","386.08","Gulab Jamun"
"478","40","NonVeg","37","Continental","1291.25","Hakka Noodles"
"81","69","Veg","20","Italian","217.65","Hakka Noodles"
"298","69","NonVeg","30","Italian","258","Hakka Noodles"
"155","65","Veg","9","Italian","210.64","Hakka Noodles"
"288","27","Veg","17","South Indian","919.65","Margherita Pizza"
"442","27","Veg","19","South Indian","424.58","Hakka Noodles"
"87","23","Veg","42","Continental","1025.24","Margherita Pizza"
"16","26","Veg","5","Italian","747.74","Margherita Pizza"
"269","59","Veg","40","Chinese","954.98","Gulab Jamun"
"399","26","Veg","19","North Indian","883.36","Paneer Butter Masala"
"397","19","Veg","38","South Indian","1035.35","Paneer Butter Masala"
"396","35","Veg","15","South Indian","341.91","Masala Dosa"
"10","67","NonVeg","7","South Indian","834.49","Chicken Biryani"
"201","61","NonVeg","25","Italian","594.54","Fish Curry"
"469","33","NonVeg","6","Italian","632.23","Fish Curry"
"67","43","Veg","34","South Indian","464.79","Gulab Jamun"
"228","47","Veg","23","Italian","1076.25","Margherita Pizza"
"117","33","NonVeg","2","South Indian","1114.72","Fish Curry"
"106","22","NonVeg","17","South Indian","651.7","Fish Curry"
"21","35","NonVeg","34","South Indian","1205.51","Fish Curry"
"225","25","Veg","14","South Indian","1242.62","Veg Biryani"
"127","51","NonVeg","27","North Indian","1314.95","Chicken Biryani"
"495","38","Veg","27","North Indian","1024.32","Paneer Butter Masala"
"197","29","NonVeg","38","South Indian","1286.22","Fish Curry"
"113","58","Veg","40","Chinese","675.71","Hakka Noodles"
"81","36","NonVeg","40","Chinese","1120.56","Hakka Noodles"
"229","50","Veg","20","Chinese","1328.42","Masala Dosa"
"474","23","Veg","7","North Indian","242.81","Paneer Butter Masala"
"462","51","NonVeg","43","Italian","247.54","Fish Curry"
"433","32","Veg","24","Chinese","213.71","Masala Dosa"
"20","57","Veg","41","Chinese","1172.93","Hakka Noodles"
"304","26","Veg","43","South Indian","1301.75","Veg Biryani"
"334","54","Veg","16","Chinese","513.53","Gulab Jamun"
"361","28","Veg","33","Continental","465.38","Gulab Jamun"
"164","24","Veg","41","Continental","890.78","Hakka Noodles"
"175","38","Veg","10","South Indian","1269.62","Masala Dosa"
"234","34","Veg","6","Continental","560.05","Hakka Noodles"
"293","42","NonVeg","34","North Indian","418.39","Chicken Biryani"
"276","56","NonVeg","26","North Indian","562.95","Chicken Biryani"
"16","42","Veg","16","North Indian","515.72","Paneer Butter Masala"
"149","46","Veg","17","North Indian","561.01","Paneer Butter Masala"
"441","31","NonVeg","41","Chinese","484.07","Chicken Biryani"
"333","55","NonVeg","18","North Indian","1069.37","Butter Chicken"
"336","60","Veg","26","Chinese","1137.77","Margherita Pizza"
"424","47","NonVeg","2","Chinese","703.69","Chicken Pizza"
"465","64","Veg","39","South Indian","526.68","Gulab Jamun"
"233","42","Veg","3","Chinese","983.16","Hakka Noodles"
"383","42","NonVeg","24","Continental","619.43","Chicken Pizza"
"365","50","Veg","23","Chinese","931.31","Gulab Jamun"
"348","52","NonVeg","36","Continental","220.95","Hakka Noodles"
"416","62","NonVeg","20","Italian","1062.49","Fish Curry"
"170","62","NonVeg","6","Italian","427.81","Fish Curry"
"55","70","NonVeg","4","Italian","278.15","Fish Curry"
"129","64","Veg","30","South Indian","420.18","Hakka Noodles"
"411","19","NonVeg","28","South Indian","1102.64","Chicken Biryani"
"310","18","Veg","28","North Indian","1302.54","Paneer Butter Masala"
"387","63","Veg","19","South Indian","647.17","Gulab Jamun"
"330","27","Veg","42","Chinese","884.56","Veg Biryani"
"481","54","Veg","24","Chinese","868.27","Veg Biryani"
"406","20","Veg","20","Italian","801.72","Margherita Pizza"
"483","18","Veg","7","Italian","767.09","Margherita Pizza"
"7","58","NonVeg","36","South Indian","761.2","Chicken Pizza"
"432","63","Veg","8","Chinese","375.33","Veg Biryani"
"163","36","Veg","16","North Indian","969.68","Veg Biryani"
"408","49","NonVeg","39","Continental","1332.94","Gulab Jamun"
"85","63","Veg","5","Continental","1012.46","Veg Biryani"
"466","59","Veg","4","Chinese","1316.92","Hakka Noodles"
"94","23","NonVeg","16","South Indian","1319.46","Chicken Biryani"
"326","36","Veg","37","Chinese","948.06","Paneer Butter Masala"
"80","40","Veg","24","Continental","418.35","Veg Biryani"
"1","23","NonVeg","21","North Indian","1011.49","Butter Chicken"
"284","29","Veg","32","South Indian","652.98","Paneer Butter Masala"
"248","63","NonVeg","1","Italian","932.6","Hakka Noodles"
"251","23","Veg","3","South Indian","802.6","Veg Biryani"
"180","48","NonVeg","33","Italian","1105.71","Hakka Noodles"
"2","37","Veg","12","Continental","403.92","Gulab Jamun"
"74","70","Veg","11","North Indian","279.68","Paneer Butter Masala"
"283","30","Veg","26","Italian","977.99","Hakka Noodles"
"1","42","NonVeg","8","Italian","781.38","Fish Curry"
"317","26","NonVeg","28","Continental","429.43","Fish Curry"
"248","70","Veg","20","Chinese","770.74","Margherita Pizza"
"59","57","Veg","20","Continental","603.95","Masala Dosa"
"174","22","Veg","5","North Indian","1132.72","Paneer Butter Masala"
"450","38","Veg","31","North Indian","181.53","Veg Biryani"
"419","70","Veg","39","Chinese","796.27","Hakka Noodles"
"121","36","NonVeg","8","North Indian","265.04","Butter Chicken"
"359","29","Veg","7","Chinese","1241.16","Margherita Pizza"
"37","28","NonVeg","19","Italian","524.11","Fish Curry"
"303","55","NonVeg","22","Chinese","895.42","Gulab Jamun"
"385","48","Veg","37","Italian","516.36","Margherita Pizza"
"367","54","Veg","32","Continental","307.1","Gulab Jamun"
"81","26","Veg","6","Italian","398.96","Margherita Pizza"
"392","51","Veg","10","Italian","1095.77","Margherita Pizza"
"321","54","Veg","21","Chinese","943.71","Masala Dosa"
"330","36","Veg","27","South Indian","1316.99","Hakka Noodles"
"258","33","Veg","8","Chinese","587.96","Veg Biryani"
"277","50","Veg","19","South Indian","711.64","Paneer Butter Masala"
"466","29","Veg","23","Chinese","1363.75","Hakka Noodles"
"1","41","Veg","21","South Indian","291.47","Paneer Butter Masala"
"397","51","Veg","11","Italian","783.27","Margherita Pizza"
"170","58","NonVeg","19","North Indian","500.26","Chicken Biryani"
"36","36","Veg","9","North Indian","283.71","Paneer Butter Masala"
"75","21","NonVeg","43","North Indian","1052.32","Chicken Biryani"
"428","26","Veg","11","Chinese","797.79","Gulab Jamun"
"489","47","NonVeg","42","North Indian","1093.12","Chicken Biryani"
"226","45","Veg","32","North Indian","889.9","Veg Biryani"
"48","22","Veg","1","South Indian","1296.02","Margherita Pizza"
"285","28","Veg","35","South Indian","953.86","Veg Biryani"
"299","27","Veg","34","North Indian","761.57","Paneer Butter Masala"
"396","57","NonVeg","15","South Indian","292.13","Chicken Biryani"
"278","38","NonVeg","6","South Indian","1015.48","Butter Chicken"
"37","42","Veg","26","South Indian","1092.39","Masala Dosa"
"180","18","NonVeg","6","North Indian","669.56","Chicken Biryani"
"172","44","NonVeg","5","Continental","1206.18","Butter Chicken"
"170","39","Veg","37","Chinese","543.71","Masala Dosa"
"404","21","Veg","42","Chinese","196.91","Gulab Jamun"
"359","18","NonVeg","32","North Indian","808.35","Butter Chicken"
"375","65","Veg","31","South Indian","698.56","Paneer Butter Masala"
"445","68","Veg","38","North Indian","435.15","Paneer Butter Masala"
"24","18","Veg","21","Chinese","1061.63","Gulab Jamun"
