"Ingredient","CurrentStock","DailyUsage","Weekday","Festival","DaysLeft"
"Cheese","38.8","13.2","Friday","None","2.7"
"Coffee Beans","77.1","11.1","Thursday","None","7"
"Cheese","37.9","12.2","Tuesday","None","3.4"
"Coffee Beans","62.6","2.1","Sunday","Festival","25.2"
"Tomato","17.9","10","Saturday","Festival","1.5"
"Paneer","108.9","3.5","Friday","None","31.3"
"Coffee Beans","68.8","12.3","Saturday","None","5.7"
"Tomato","41.9","14.1","Thursday","None","3.1"
"Paneer","111.5","14.7","Wednesday","None","7.8"
"Chicken","105.8","9.4","Friday","None","11.6"
"Cheese","16.6","14","Thursday","None","1.5"
"Rice","7.1","3.5","Monday","None","2.3"
"Rice","47.6","5.3","Monday","None","9.1"
"Rice","114.1","15.4","Friday","None","7.8"
"Cooking Oil","46","13.5","Tuesday","None","3.2"
"Cooking Oil","106.4","11.1","Saturday","None","9.3"
"Cheese","116.3","9.5","Thursday","None","12.5"
"Tomato","8.4","8.4","Thursday","None","1"
"Coffee Beans","103.3","7.5","Sunday","None","13.9"
"Rice","110.4","14.8","Monday","None","7.8"
"Paneer","99.4","3.5","Tuesday","None","28.6"
"Chicken","7.5","12.4","Tuesday","None","0.3"
"Chicken","23.7","12.9","Thursday","None","1.6"
"Cheese","35.5","2.8","Sunday","None","12.7"
"Flour","119","2.8","Tuesday","None","42.3"
"Coffee Beans","69.8","4","Friday","None","17.7"
"Rice","85","10.4","Saturday","None","8.2"
"Tomato","33.8","7.4","Sunday","None","4.7"
"Rice","95","6","Sunday","None","16.2"
"Cooking Oil","71","5.6","Saturday","None","12.7"
"Chicken","59","6","Sunday","None","10"
"Cheese","5.4","6.1","Thursday","None","1"
"Cooking Oil","60.8","12.6","Tuesday","None","4.7"
"Rice","52.6","11.1","Sunday","Festival","3.7"
"Cheese","32.3","8.9","Thursday","None","3.2"
"Paneer","9","13.7","Wednesday","None","0.7"
"Flour","83.6","12.1","Wednesday","None","6.6"
"Coffee Beans","78.4","5.5","Monday","None","14.3"
"Tomato","108.6","7.1","Sunday","None","15.1"
"Flour","12.4","4.5","Tuesday","None","2.5"
"Cooking Oil","37.1","15.5","Saturday","None","2.3"
"Cheese","23.5","14.1","Friday","None","1.4"
"Tomato","71.7","7.5","Sunday","Festival","7.7"
"Flour","115","6.2","Friday","Festival","15.2"
"Rice","74.8","11.8","Wednesday","Festival","5.4"
"Chicken","60.9","14.1","Monday","None","4.3"
"Paneer","108.4","7.2","Friday","None","15.2"
"Coffee Beans","32.2","5.5","Saturday","None","6.2"
"Flour","122","5.4","Sunday","Festival","18.5"
"Flour","95.5","11.1","Friday","None","8.9"
"Chicken","27.2","6.9","Tuesday","None","4.3"
"Chicken","108.4","2.4","Saturday","None","44.8"
"Paneer","74","9.7","Sunday","None","7.3"
"Tomato","94.4","7.7","Wednesday","None","12.5"
"Tomato","93.1","3.2","Sunday","None","28.8"
"Flour","61.2","7.9","Wednesday","None","7.8"
"Tomato","35.8","4.8","Sunday","None","7.1"
"Coffee Beans","31.4","14.1","Thursday","None","1.9"
"Flour","64.9","2.8","Thursday","None","23"
"Coffee Beans","66.3","8.6","Sunday","None","7.6"
"Cheese","107.5","10.7","Friday","Festival","8.1"
"Flour","118","14.2","Sunday","None","8.5"
"Rice","45.4","7.8","Sunday","None","6"
"Chicken","8","5.4","Monday","None","1.2"
"Flour","24.2","9.2","Monday","Festival","2"
"Cooking Oil","104.9","12","Wednesday","None","8.7"
"Paneer","91.4","15.4","Tuesday","None","6.2"
"Cheese","41.4","3.5","Saturday","None","11.6"
"Chicken","86.5","2.8","Monday","None","31"
"Cooking Oil","53.2","6.5","Friday","None","8.3"
"Tomato","72.6","6.6","Monday","None","10.9"
"Paneer","116.2","6","Saturday","None","19.6"
"Chicken","51.5","9.4","Monday","None","5.5"
"Cooking Oil","46.2","12.7","Tuesday","None","3.9"
"Tomato","17","5.7","Tuesday","None","3"
"Paneer","38.3","5.8","Thursday","Festival","5.3"
"Cheese","88","12.7","Sunday","None","6.9"
"Coffee Beans","32.4","4.8","Monday","None","6.6"
"Rice","91.2","15.7","Sunday","None","6.2"
"Flour","56.6","2.8","Monday","None","20.1"
"Coffee Beans","92.6","6.8","Thursday","None","14"
"Cheese","36.9","3.4","Saturday","None","10.7"
"Tomato","33.4","8.8","Friday","None","3.8"
"Coffee Beans","113.9","9.7","Thursday","Festival","9.4"
"Tomato","37.1","11.6","Tuesday","None","3.5"
"Paneer","45.8","5.5","Tuesday","None","8.2"
"Paneer","36.5","3.3","Tuesday","None","10.9"
"Cooking Oil","88.4","13.4","Thursday","None","6.9"
"Rice","73.8","12.6","Sunday","None","5.7"
"Chicken","41.1","14","Tuesday","None","2.8"
"Flour","30.6","3.8","Monday","Festival","7"
"Tomato","13.7","13.4","Wednesday","Festival","0.8"
"Tomato","25.8","6","Tuesday","None","4.1"
"Cooking Oil","93.4","9","Monday","None","10.6"
"Cheese","109.4","6.2","Thursday","None","17.5"
"Cooking Oil","89.5","15","Tuesday","Festival","4.9"
"Paneer","120.7","11.8","Monday","None","10.2"
"Tomato","48.9","9.9","Monday","None","4.8"
"Rice","74.8","9.4","Sunday","Festival","6.5"
"Tomato","50","8.7","Thursday","Festival","4.8"
"Chicken","57.4","15.5","Thursday","None","3.5"
"Rice","104.7","7","Thursday","None","15.1"
"Chicken","8.5","4.2","Tuesday","None","1.9"
"Rice","115.7","7.4","Saturday","None","15.9"
"Coffee Beans","73.8","12.4","Sunday","None","6"
"Cooking Oil","27.8","14.5","Thursday","None","2"
"Rice","41.6","14.1","Monday","None","3"
"Chicken","105.2","11.9","Tuesday","Festival","7.7"
"Cooking Oil","16.4","13.8","Monday","None","1.1"
"Cheese","20.6","6.5","Thursday","None","3.3"
"Cooking Oil","97.5","13.2","Saturday","None","7.1"
"Flour","75.1","13","Thursday","None","6.2"
"Cooking Oil","101.2","13.1","Monday","None","7.8"
"Coffee Beans","107.4","14.6","Saturday","None","7"
"Cooking Oil","63.3","10.7","Tuesday","Festival","5.2"
"Flour","32.8","2.6","Saturday","None","12.3"
"Chicken","72.8","6.7","Monday","Festival","9.2"
"Cheese","107.9","5.8","Friday","None","18.5"
"Flour","91.3","11.2","Friday","Festival","6.9"
"Rice","96.7","8.3","Thursday","Festival","9.3"
"Flour","115.3","5.6","Sunday","None","20.4"
"Flour","88.1","2.5","Tuesday","Festival","29.5"
"Cheese","29.8","14.8","Saturday","None","2.3"
"Cooking Oil","34.4","5.4","Tuesday","None","6.6"
"Tomato","52.3","6.3","Friday","None","8.1"
"Coffee Beans","38.8","4.1","Wednesday","Festival","8.1"
"Chicken","9.2","5","Wednesday","None","1.7"
"Coffee Beans","115.5","5.2","Saturday","None","22.2"
"Tomato","78.3","13.8","Saturday","Festival","4.5"
"Chicken","56.1","7.3","Sunday","None","8"
"Cheese","103.8","12.1","Thursday","Festival","6.8"
"Coffee Beans","18.6","8.4","Friday","None","2.3"
"Rice","110.1","14.6","Friday","None","7.2"
"Flour","99","2.1","Wednesday","None","46.8"
"Paneer","116","15.4","Wednesday","None","7.8"
"Coffee Beans","45","7.7","Friday","Festival","4.8"
"Tomato","21.5","13.3","Monday","None","1.6"
"Cheese","28.7","11.6","Wednesday","Festival","1.9"
"Coffee Beans","46","6.3","Sunday","None","7.3"
"Paneer","83.6","13.5","Monday","None","5.9"
"Rice","78.7","8.3","Tuesday","None","9.7"
"Flour","58.7","9.9","Tuesday","None","5.9"
"Tomato","59.4","14.4","Wednesday","None","3.8"
"Chicken","78.7","15.7","Thursday","None","5.1"
"Paneer","113.2","3.7","Friday","None","30.2"
"Coffee Beans","91.6","15.9","Monday","Festival","5"
"Tomato","107.4","14.2","Saturday","None","7.8"
"Cooking Oil","106","11","Friday","Festival","8"
"Tomato","89.1","7","Monday","None","12.6"
"Tomato","106","15.9","Friday","Festival","5.7"
"Flour","66.5","12.7","Thursday","None","5.1"
"Tomato","19.8","7.5","Tuesday","None","2.5"
"Tomato","28.7","4","Sunday","None","7.4"
"Rice","85.7","14.6","Friday","None","5.6"
"Coffee Beans","79.1","11","Saturday","None","7.2"
"Chicken","27.1","6.3","Monday","None","4.4"
"Chicken","42.7","16","Monday","None","2.8"
"Tomato","6","2.1","Tuesday","None","3.1"
"Coffee Beans","28.2","10.7","Saturday","None","2.6"
"Paneer","82.2","15.9","Friday","None","5.5"
"Cooking Oil","105.4","13.5","Monday","None","7.5"
"Paneer","58.2","6.5","Saturday","None","9.1"
"Cheese","29.3","5.6","Monday","None","5.5"
"Rice","101.9","7.8","Sunday","None","13.3"
"Cheese","104.9","6.5","Friday","None","15.9"
"Flour","9.2","7.3","Sunday","None","1.3"
"Chicken","106.1","3","Thursday","None","35.3"
"Cooking Oil","121.5","11.3","Tuesday","None","10.6"
"Cheese","20.5","7","Thursday","None","2.7"
"Cooking Oil","9","7.7","Saturday","None","1.5"
"Chicken","21.6","10.4","Tuesday","None","2.4"
"Rice","85.1","15.4","Saturday","None","5.5"
"Chicken","119.2","11.1","Monday","None","10.9"
"Coffee Beans","7.2","3.6","Saturday","None","2.3"
"Cheese","23.2","12.9","Tuesday","None","2.1"
"Cooking Oil","29.7","5.5","Saturday","Festival","4.8"
"Flour","98.7","15.8","Wednesday","None","6.4"
"Cheese","109.3","4.6","Thursday","None","23.6"
"Cheese","92","9.3","Saturday","None","9.5"
"Cooking Oil","88.6","9.4","Monday","None","9.2"
"Paneer","18.6","5","Tuesday","None","3.8"
"Cheese","103.1","4.8","Friday","Festival","18.3"
"Flour","54.1","4.8","Friday","None","11"
"Coffee Beans","56.9","4.4","Wednesday","None","13.3"
"Tomato","32.6","14.1","Wednesday","None","2.1"
"Chicken","94.3","2","Thursday","None","47.3"
"Chicken","79.7","16","Monday","None","5.2"
"Rice","68.3","8.2","Saturday","Festival","7"
"Flour","49.3","3.2","Monday","Festival","12.8"
"Rice","33.7","8.7","Friday","None","3.5"
"Coffee Beans","117.9","2.9","Sunday","None","41"
"Coffee Beans","70.7","10.4","Tuesday","None","6.8"
"Paneer","44.8","5.6","Thursday","None","8.3"
"Cooking Oil","30.5","7.1","Tuesday","None","4"
"Coffee Beans","72","3.7","Tuesday","None","19.1"
"Chicken","112.1","7.3","Saturday","None","15.5"
"Chicken","58.1","4.5","Monday","None","12.6"
"Chicken","73.9","7","Tuesday","None","10.9"
"Rice","73.8","6.5","Saturday","None","11"
"Tomato","109.6","9.4","Sunday","None","11.8"
"Tomato","66.7","5","Monday","None","13.5"
"Chicken","70.8","3.4","Friday","None","20.5"
"Paneer","29.5","4.7","Saturday","None","6"
"Cheese","22.3","11.3","Saturday","None","1.6"
"Cheese","40.6","8.7","Tuesday","None","4.7"
"Cooking Oil","67.9","7.1","Sunday","None","9.3"
"Cheese","78.5","13.7","Saturday","None","5.3"
"Cheese","23.1","3.6","Sunday","None","6.6"
"Cheese","40.4","5.7","Sunday","Festival","5.7"
"Rice","28.1","15.9","Tuesday","None","2"
"Cooking Oil","75.2","2.7","Saturday","None","28"
"Chicken","5.6","8.5","Wednesday","None","0.8"
"Chicken","81.7","3.3","Sunday","None","25"
"Cheese","98.4","11.7","Tuesday","None","8.6"
"Cooking Oil","18.5","13.2","Tuesday","None","1.7"
"Rice","3.2","12.2","Sunday","None","0.4"
"Flour","50.3","4.9","Tuesday","None","10.4"
"Cooking Oil","72","5","Tuesday","None","14.7"
"Flour","25.7","7.6","Monday","None","3.1"
"Tomato","46.5","7.1","Sunday","None","6.6"
"Rice","71.6","10.4","Sunday","None","6.9"
"Tomato","54.8","13.3","Friday","None","3.8"
"Tomato","120","4.8","Thursday","None","25.1"
"Rice","112.1","14.9","Thursday","None","7.3"
"Coffee Beans","66.2","7.6","Wednesday","None","9"
"Cheese","82.1","14.5","Monday","None","5.8"
"Rice","81.2","2.1","Monday","None","38.7"
"Rice","44.8","10.7","Sunday","None","4.4"
"Chicken","96.4","14.4","Friday","None","6.9"
"Paneer","46","11.4","Tuesday","Festival","3.6"
"Tomato","109.2","9.3","Tuesday","Festival","9.5"
"Coffee Beans","59.3","2.3","Friday","None","26.1"
"Cooking Oil","47.7","2.7","Friday","None","17.5"
"Chicken","71.8","7.6","Monday","None","9.6"
"Cheese","26.1","11.8","Monday","Festival","1.8"
"Cooking Oil","21.1","10","Monday","None","1.9"
"Chicken","65.4","10.1","Saturday","None","6.6"
"Cheese","118.6","6.2","Friday","None","18.8"
"Chicken","50.3","4.6","Thursday","None","11.3"
"Cheese","101.7","14.7","Wednesday","None","7"
"Coffee Beans","70.9","14.6","Wednesday","None","4.5"
"Tomato","107.9","6.6","Friday","None","16.5"
"Paneer","92.7","15.3","Wednesday","None","6.5"
"Paneer","78.6","6.5","Tuesday","None","12.3"
"Rice","78.5","2.2","Tuesday","None","36"
"Chicken","117.9","6.9","Saturday","Festival","14"
"Chicken","25.9","3.7","Saturday","None","7.2"
"Cooking Oil","69.1","14.7","Sunday","None","4.8"
"Rice","112.4","13.5","Wednesday","None","8.5"
"Cooking Oil","16.7","7.9","Monday","None","2.3"
"Rice","53.7","12.3","Wednesday","None","4.1"
"Rice","90.8","15.7","Sunday","Festival","4.8"
"Chicken","69.4","8.5","Sunday","None","8.4"
"Rice","48.8","15.6","Monday","None","3.5"
"Flour","72.1","12.9","Saturday","None","5.5"
"Rice","48.8","15.2","Monday","Festival","3"
"Flour","96.4","4.4","Friday","None","22.3"
"Flour","38.2","11.9","Wednesday","Festival","2.5"
"Rice","81","14.4","Saturday","None","5.7"
"Rice","93.7","3.1","Wednesday","None","30"
"Rice","78.3","3.1","Friday","None","25.2"
"Tomato","71.7","3.5","Friday","None","20.5"
"Paneer","5.1","8.4","Tuesday","None","0.5"
"Cooking Oil","69.6","6.5","Thursday","None","11"
"Chicken","47.5","7.6","Saturday","None","6.2"
"Flour","113.7","15.8","Sunday","None","7.2"
"Paneer","44.2","6.5","Monday","None","6.8"
"Rice","41.8","5.1","Monday","Festival","6.5"
"Cooking Oil","86.3","15.8","Sunday","None","5.5"
"Cooking Oil","23","8.2","Sunday","Festival","2.6"
"Chicken","89.5","14.3","Friday","None","6.1"
"Rice","111.4","11.4","Monday","Festival","8.3"
"Coffee Beans","95.9","3.1","Friday","None","31"
"Chicken","35","3.4","Wednesday","None","10.6"
"Paneer","56","13","Monday","None","4.4"
"Rice","67.5","14.1","Friday","None","4.8"
"Tomato","119.2","15.6","Thursday","None","7.5"
"Chicken","37.1","10.5","Thursday","None","3.6"
"Chicken","112.8","7","Friday","None","15.7"
"Rice","5","15.4","Thursday","None","0.4"
"Chicken","7.6","11.6","Saturday","None","0.6"
"Cheese","72.5","9.8","Thursday","Festival","5.8"
"Rice","91.3","7.5","Tuesday","None","11.8"
"Paneer","30.7","8.8","Tuesday","None","3.8"
"Chicken","105.2","5.3","Thursday","None","20"
"Rice","42.1","3.1","Friday","None","13.7"
"Tomato","23.3","7.9","Monday","None","2.6"
"Coffee Beans","41.8","2.6","Friday","None","16.3"
"Coffee Beans","113.6","14.5","Tuesday","None","7.6"
"Chicken","103.5","4.2","Tuesday","None","24.7"
"Coffee Beans","108.9","11.4","Sunday","Festival","7.9"
"Chicken","96.5","5.1","Friday","Festival","15.7"
"Paneer","49.1","11.3","Saturday","None","4"
"Coffee Beans","61.8","13.7","Saturday","None","4.8"
"Cheese","107.4","14.5","Thursday","None","7.2"
"Cooking Oil","101.5","11.2","Thursday","None","9"
"Paneer","73.5","13.9","Thursday","None","5"
"Cooking Oil","63.8","14.5","Thursday","None","4.5"
"Cooking Oil","10.4","2.1","Saturday","Festival","4.4"
"Rice","94.8","12.5","Thursday","Festival","6.3"
"Paneer","117.4","2.9","Saturday","None","40.2"
"Cooking Oil","26.4","3.7","Tuesday","None","6.8"
"Chicken","87.9","10.2","Monday","None","8.5"
"Flour","28.7","6.4","Tuesday","None","4.4"
"Tomato","104.9","13.3","Saturday","Festival","6.4"
"Rice","55.3","2.2","Monday","Festival","20.8"
"Cheese","85.3","9.3","Thursday","None","9.2"
"Flour","110.8","13.5","Tuesday","None","8.5"
"Paneer","45.9","12.4","Monday","None","4"
"Flour","84.3","12.7","Wednesday","None","7"
"Coffee Beans","106.8","12.3","Monday","None","8.5"
"Cooking Oil","40.4","4.7","Sunday","None","8.5"
"Flour","99.6","8.9","Thursday","None","11.6"
"Flour","121.6","10.1","Thursday","None","12.4"
"Flour","24.7","14.8","Thursday","None","1.8"
"Tomato","75.9","14.3","Saturday","None","5.6"
"Rice","66.8","14.2","Friday","None","4.3"
"Coffee Beans","44.3","7.8","Wednesday","None","5.6"
"Flour","96.8","11.7","Wednesday","Festival","6.8"
"Tomato","91.7","5.5","Wednesday","None","16.4"
"Coffee Beans","65.9","8.6","Thursday","None","7.5"
"Flour","74.3","2.6","Monday","Festival","24.2"
"Paneer","71.4","9.8","Friday","None","7.5"
"Chicken","62.3","14.2","Sunday","None","4"
"Rice","69.6","5.8","Friday","None","12.3"
"Paneer","94.2","6.7","Thursday","Festival","12"
"Paneer","21.6","3.6","Wednesday","None","5.8"
"Rice","90.7","5.6","Saturday","None","15.9"
"Cooking Oil","66.6","2.7","Tuesday","Festival","20.3"
"Coffee Beans","53.6","3","Sunday","None","17.5"
"Coffee Beans","22.5","15.8","Friday","None","1.8"
"Flour","82.8","14.3","Friday","Festival","4.6"
"Tomato","80.2","6.8","Saturday","Festival","9.5"
"Chicken","26.7","2.8","Saturday","None","9.5"
"Paneer","20.7","14.3","Saturday","None","1.3"
"Paneer","9","9.7","Tuesday","None","1.2"
"Chicken","34.5","13.2","Tuesday","Festival","2"
"Paneer","98.3","12.3","Saturday","None","8.2"
"Cheese","120.7","12.7","Monday","None","9.4"
"Cooking Oil","60.4","4.4","Monday","None","14"
"Tomato","75.3","13.6","Friday","None","5.9"
"Cheese","61.3","5.6","Wednesday","None","11.3"
"Cheese","90.5","4","Saturday","None","22.8"
"Paneer","22.3","4.7","Thursday","None","5.1"
"Cooking Oil","32.4","8.8","Friday","Festival","3"
"Cooking Oil","119.7","14.4","Thursday","Festival","7"
"Cheese","103","5.6","Thursday","Festival","15.2"
"Flour","107.2","4.8","Tuesday","None","22"
"Flour","60.9","13","Friday","None","4.5"
"Coffee Beans","111.7","4.5","Wednesday","Festival","21.1"
"Tomato","107.7","9.2","Monday","None","11.8"
"Flour","65.1","7.3","Thursday","None","8.8"
"Coffee Beans","103.1","15.2","Saturday","None","7.1"
"Rice","47.9","4.1","Friday","Festival","10"
"Chicken","73.2","2.8","Thursday","None","25.9"
"Cheese","34","9","Saturday","None","3.9"
"Cheese","70.2","9.8","Saturday","None","7.1"
"Rice","49.2","2.7","Wednesday","Festival","15.4"
"Cooking Oil","32.3","5.6","Saturday","None","5.7"
"Paneer","92.1","7.3","Friday","None","12.7"
"Tomato","25.1","15.7","Sunday","Festival","1.4"
"Chicken","39.9","9.3","Wednesday","None","4"
"Chicken","96.2","13","Saturday","None","7.3"
"Chicken","37.3","4.1","Sunday","None","9.1"
"Chicken","8.9","7.8","Tuesday","None","1"
"Paneer","117.4","6.4","Wednesday","None","18.3"
"Cheese","53.3","10.1","Tuesday","None","5.6"
"Paneer","20.9","13.4","Friday","None","1.2"
"Paneer","117.5","7.7","Thursday","Festival","12.4"
"Flour","55.3","4.8","Tuesday","None","11.8"
"Cooking Oil","21.3","12.8","Saturday","Festival","1.7"
"Tomato","46.9","4.6","Saturday","None","9.9"
"Flour","36.9","12.2","Saturday","Festival","2.3"
"Cooking Oil","50.9","6.6","Sunday","None","7.6"
"Flour","34.1","3.2","Tuesday","None","10.8"
"Coffee Beans","86.5","6.2","Monday","None","14.1"
"Paneer","115.4","16","Saturday","None","7.2"
"Flour","41.7","11.7","Wednesday","Festival","3.1"
"Chicken","5.4","5.6","Thursday","None","0.9"
"Cooking Oil","54.6","8.5","Saturday","None","6.6"
"Cheese","63.3","14.9","Saturday","Festival","3.5"
"Chicken","14.6","3.4","Tuesday","None","4.6"
"Cooking Oil","110","8","Friday","None","13.4"
"Rice","47.6","4.8","Wednesday","None","9.8"
"Chicken","103.7","5.5","Tuesday","Festival","15.6"
"Rice","32.7","14.7","Thursday","Festival","2.1"
"Flour","35.8","4.2","Friday","None","8.9"
"Chicken","40.9","15.8","Monday","None","2.9"
"Rice","49.1","5.5","Thursday","None","9"
"Tomato","74.3","10.4","Tuesday","Festival","6.3"
"Coffee Beans","87.9","2.1","Monday","None","41.9"
"Coffee Beans","75.4","11","Sunday","None","6.6"
"Flour","33","3.4","Wednesday","None","9.9"
"Paneer","43.1","7.1","Tuesday","None","6.1"
"Cooking Oil","46","14.4","Tuesday","None","3.4"
"Coffee Beans","28.5","5.5","Sunday","Festival","4.4"
"Coffee Beans","60.6","6.2","Tuesday","None","10.1"
"Tomato","3.9","5.9","Thursday","None","0.6"
"Flour","111","11.3","Friday","None","10.2"
"Cooking Oil","64.5","4","Friday","None","15.8"
"Rice","112.9","5.3","Sunday","None","21.3"
"Rice","63.4","5.7","Wednesday","None","11.4"
"Cooking Oil","58.9","13.6","Tuesday","Festival","3.5"
"Chicken","60.3","6.6","Monday","None","9.1"
"Flour","36.9","11.4","Thursday","None","3.1"
"Tomato","21.4","6.9","Friday","None","3.2"
"Flour","101.8","2.8","Tuesday","Festival","30.5"
"Coffee Beans","101.6","15.9","Monday","None","6.3"
"Paneer","95.3","12.8","Saturday","None","7.4"
"Chicken","104","12.7","Saturday","None","7.8"
"Rice","122.1","3.1","Thursday","Festival","33.1"
"Chicken","30.3","2.1","Wednesday","None","14.6"
"Tomato","73.1","3.7","Wednesday","None","20.1"
"Chicken","36.5","13.5","Thursday","Festival","2.3"
"Rice","113.4","3.8","Saturday","None","30"
"Cooking Oil","122.9","9.1","Friday","Festival","11.1"
"Chicken","16.9","14.6","Wednesday","None","1"
"Coffee Beans","11.7","6.3","Wednesday","None","2.2"
"Chicken","99.1","13.3","Tuesday","None","7.5"
"Cheese","70","9.9","Saturday","None","7"
"Cheese","37.7","14.8","Tuesday","None","2.9"
"Flour","99.7","6.9","Monday","None","14.2"
"Flour","71.3","14.8","Tuesday","None","4.6"
"Tomato","29.9","5.3","Sunday","None","5.3"
"Paneer","110.7","7.3","Saturday","None","15.2"
"Paneer","68","11.3","Wednesday","None","6.2"
"Paneer","41","9.3","Thursday","None","4.1"
"Cheese","78.5","6.4","Friday","None","12"
"Rice","42.2","10.6","Monday","None","3.6"
"Cheese","101.9","15.5","Friday","None","6.5"
"Flour","101.7","9.7","Thursday","Festival","9"
"Cheese","23.4","14.9","Saturday","None","1.8"
"Coffee Beans","15.4","9.7","Saturday","None","1.3"
"Flour","31.1","6.2","Sunday","None","4.7"
"Tomato","74.8","12.7","Saturday","None","6.2"
"Cheese","22.3","11.9","Friday","None","1.9"
"Rice","62.4","8.3","Tuesday","Festival","6"
"Cheese","100.8","8","Thursday","None","12.6"
"Paneer","105.7","13.9","Monday","Festival","6"
"Flour","56.4","3.3","Monday","None","17.2"
"Coffee Beans","11.2","3.5","Monday","None","3.4"
"Cheese","118.9","4.7","Friday","None","25.6"
"Flour","14.1","4.3","Friday","Festival","2.9"
"Paneer","41.5","13.4","Sunday","Festival","2.5"
"Coffee Beans","74.9","8.5","Thursday","Festival","7.2"
"Chicken","101.1","13.6","Monday","None","7.2"
"Chicken","88.8","3.9","Tuesday","None","22.4"
"Cheese","113","9","Sunday","None","12.8"
"Coffee Beans","51.7","7.1","Saturday","None","7.5"
"Rice","87","13.7","Tuesday","Festival","5.3"
"Tomato","105.2","8.3","Monday","None","12.6"
"Cooking Oil","120.6","13.8","Thursday","None","9"
"Coffee Beans","94.2","7.3","Sunday","Festival","10.8"
"Paneer","87","12.3","Sunday","None","6.8"
"Paneer","6.3","7.1","Wednesday","Festival","0.9"
"Tomato","83.7","3.2","Friday","None","25.9"
"Tomato","16.8","3.1","Sunday","None","5.3"
"Coffee Beans","65.6","15.7","Wednesday","None","4.4"
"Paneer","38.9","11.3","Saturday","None","3.8"
"Cheese","40.5","13.7","Monday","None","2.9"
"Paneer","20.5","13.8","Saturday","None","1.6"
"Coffee Beans","19.3","8.9","Thursday","Festival","1.9"
"Cooking Oil","48.9","5.8","Tuesday","None","8.6"
"Tomato","69.6","5.2","Monday","None","13.7"
"Paneer","14.8","10.6","Wednesday","None","1.7"
"Flour","85.9","9.3","Thursday","Festival","7.9"
"Cooking Oil","50.2","6.7","Wednesday","None","7.9"
"Flour","122.5","14.6","Saturday","None","8"
"Flour","20.4","12.8","Tuesday","Festival","1.3"
"Tomato","110.3","8.7","Sunday","Festival","10.6"
"Rice","72.4","15.1","Tuesday","None","5.1"
"Cooking Oil","67.7","11.7","Wednesday","None","5.4"
"Cooking Oil","33.4","11.6","Monday","None","2.7"
"Paneer","76.1","5","Tuesday","None","15.3"
"Flour","13.5","4","Tuesday","None","3.5"
"Cheese","93.4","11.3","Monday","None","8"
"Rice","6.5","9.8","Wednesday","None","0.3"
"Chicken","95.2","8.6","Saturday","None","11"
"Coffee Beans","22.8","5.1","Wednesday","None","4.1"
"Flour","43.2","5.9","Saturday","None","7.3"
"Paneer","9.3","5.3","Wednesday","None","1.6"
"Cheese","72","6.9","Saturday","None","10.4"
"Paneer","20.9","4.7","Monday","None","4.2"
"Tomato","94.4","8.6","Wednesday","None","11.1"
"Paneer","73.1","12.8","Saturday","None","5.4"
"Rice","14.1","6.3","Saturday","None","2.5"
"Flour","28.5","14.5","Monday","None","1.7"
"Chicken","90.4","11.7","Sunday","None","8"
"Chicken","12.9","2.9","Sunday","None","4.1"
"Coffee Beans","74.7","12.2","Thursday","None","5.9"
"Cooking Oil","38.1","5","Tuesday","None","7.6"
"Rice","52.8","12.1","Wednesday","None","4"
"Coffee Beans","36.9","15.3","Sunday","None","2.1"
"Rice","116.4","11.5","Sunday","None","9.9"
"Rice","32.9","9","Monday","Festival","2.9"
"Chicken","87","10.7","Sunday","None","8.3"
"Rice","26.2","8","Monday","None","3.5"
"Tomato","5.8","14.6","Monday","None","0.2"
"Rice","70.2","5.3","Thursday","None","13.6"
"Cheese","8.6","2.8","Sunday","None","2.7"
"Coffee Beans","49","9.9","Wednesday","None","4.6"
"Cheese","36.7","4.7","Saturday","None","8.2"
"Cooking Oil","113.7","4.1","Tuesday","None","27.5"
"Coffee Beans","27.5","15.5","Monday","Festival","1.4"
"Tomato","83.5","10.1","Friday","None","8"
"Coffee Beans","54.1","8.1","Tuesday","None","6.8"
"Rice","100.4","3.5","Monday","None","28.4"
"Cooking Oil","31.9","7.7","Saturday","None","4.5"
"Cheese","102.7","11.9","Monday","None","8.5"
"Cooking Oil","24.7","13.2","Thursday","None","2.2"
"Cooking Oil","4.8","7.9","Thursday","None","0.5"
"Flour","68.8","9.8","Monday","None","6.7"
"Tomato","97.3","7.1","Sunday","Festival","11.3"
"Cooking Oil","84.8","11.4","Thursday","None","7.5"
"Cooking Oil","15.9","4.1","Saturday","None","3.8"
"Paneer","31.4","8.2","Saturday","None","4.1"
"Paneer","6","4.2","Wednesday","None","1.4"
"Flour","73.6","14.1","Sunday","None","5.1"
"Chicken","61.1","11.7","Tuesday","None","5.2"
"Cooking Oil","103.1","14.3","Tuesday","None","7.5"
"Tomato","22","14.9","Friday","None","1.7"
"Coffee Beans","64.8","4.1","Tuesday","Festival","12.8"
"Coffee Beans","23","4.5","Saturday","None","5.2"
"Coffee Beans","102.8","3","Friday","Festival","28.3"
"Flour","5.4","13.3","Sunday","Festival","0.3"
"Coffee Beans","34.9","9.6","Friday","None","3.4"
"Chicken","20.2","9.1","Tuesday","None","2.5"
"Tomato","84.9","5.1","Tuesday","None","16.5"
"Paneer","35","8.8","Saturday","Festival","3.4"
"Tomato","96.9","6.2","Sunday","None","15.6"
"Rice","83.5","13.9","Thursday","None","5.7"
"Coffee Beans","115.7","4.2","Monday","None","27.3"
"Cheese","32.4","15.6","Sunday","None","2.2"
"Paneer","69.1","15.9","Sunday","None","3.9"
"Rice","109","13.4","Sunday","None","8.1"
"Cooking Oil","12.5","12.2","Sunday","None","0.8"
"Tomato","17.6","14.6","Monday","None","1.2"
"Flour","41.8","8.3","Friday","Festival","4.2"
"Cheese","75.7","12.3","Thursday","None","6.1"
"Flour","104.1","14.3","Wednesday","None","7.6"
"Cheese","94.1","8.3","Thursday","Festival","9.7"
"Paneer","89","6.9","Saturday","None","12.6"
"Cooking Oil","69.9","13.3","Thursday","None","5.2"
"Rice","35.8","9.6","Friday","None","4"
"Flour","38.9","15.1","Wednesday","None","2.9"
"Chicken","10.3","13.5","Sunday","None","0.9"
"Flour","82.2","6.2","Tuesday","None","13"
"Coffee Beans","70.6","6.3","Friday","None","10.9"
"Coffee Beans","52.5","14.8","Wednesday","None","3.9"
"Paneer","72.5","7.5","Saturday","Festival","8.2"
"Chicken","61.4","7.4","Wednesday","None","8"
"Rice","23.8","15.5","Tuesday","None","1.2"
"Coffee Beans","52.3","12.9","Thursday","Festival","3.2"
"Paneer","106.8","9.2","Sunday","None","11.8"
"Coffee Beans","102.2","13.9","Tuesday","None","7.6"
"Tomato","77.7","5.4","Saturday","None","14.6"
"Rice","24.2","10.8","Monday","None","1.9"
"Tomato","98.7","6.3","Tuesday","None","15.6"
"Coffee Beans","23.7","15","Tuesday","Festival","1.7"
"Coffee Beans","77.6","8.4","Tuesday","None","9.1"
"Cheese","20.9","15.6","Sunday","None","1.1"
"Cheese","5.1","3.3","Friday","None","1.5"
"Tomato","55.6","14.4","Thursday","None","3.6"
"Chicken","58.8","12.1","Sunday","None","5.2"
"Paneer","33.2","7.4","Wednesday","None","4.7"
"Chicken","32.5","4.3","Monday","None","7.7"
"Coffee Beans","20.3","9.3","Wednesday","None","2.3"
"Chicken","68.8","5.1","Monday","None","13.6"
"Rice","30.5","5.2","Friday","None","5.8"
"Cooking Oil","14.3","14.7","Saturday","None","1.3"
"Cheese","35.4","3.2","Tuesday","None","11.1"
"Flour","25.4","8.8","Friday","None","3.1"
"Flour","5.8","5.1","Friday","None","1.1"
"Flour","93.1","8.8","Friday","Festival","9"
"Paneer","96.6","15.4","Saturday","None","5.9"
"Paneer","81.7","11.6","Friday","None","6.9"
"Paneer","85.3","8.8","Tuesday","None","9.5"
"Coffee Beans","53.3","7.5","Tuesday","None","7.4"
"Rice","62.8","11.1","Wednesday","None","6"
"Paneer","44.8","8.7","Friday","None","5.3"
"Tomato","52.1","12.7","Monday","None","4"
"Paneer","112.8","15.2","Sunday","None","7.1"
"Coffee Beans","32.4","2.1","Wednesday","None","15.2"
"Chicken","15.6","9.8","Thursday","None","1.9"
"Flour","93.7","10","Saturday","None","9.2"
"Flour","106.1","6.9","Thursday","Festival","13.1"
"Rice","12.1","9.3","Sunday","None","1.3"
"Chicken","63.6","5.2","Sunday","None","12.2"
"Chicken","33.9","7.9","Monday","Festival","3.6"
"Tomato","102.1","13.5","Saturday","None","7.2"
"Flour","75.3","12.8","Saturday","Festival","4.6"
"Paneer","16.9","14","Friday","None","1.5"
"Flour","13.3","14.2","Friday","None","0.8"
"Coffee Beans","14.7","12","Sunday","None","0.9"
"Cheese","104.8","5.6","Monday","None","18.8"
"Rice","53","12.6","Friday","None","4.6"
"Flour","11.8","4.3","Friday","None","2.8"
"Cooking Oil","70.1","7.1","Friday","None","10.1"
"Coffee Beans","56.2","5.9","Wednesday","Festival","7.6"
"Rice","77.8","9.5","Sunday","None","8.2"
"Coffee Beans","29.7","5.9","Monday","Festival","3.9"
"Flour","115.2","15.1","Tuesday","None","7.9"
"Rice","27.2","5","Saturday","None","5.1"
"Flour","65.7","2.2","Wednesday","None","30.1"
"Rice","88","9.5","Wednesday","Festival","7.9"
"Paneer","81.6","10.7","Tuesday","None","7.8"
"Tomato","33","12.7","Saturday","None","2.4"
"Rice","50","10.4","Saturday","None","4.8"
"Chicken","64.6","4.3","Thursday","None","14.9"
"Flour","60.5","12.1","Friday","None","4.9"
"Tomato","33.7","5.6","Tuesday","None","5.9"
"Cheese","56.6","8.4","Tuesday","None","6.4"
"Cheese","90.1","14.6","Tuesday","None","6.2"
"Coffee Beans","9.7","7.6","Thursday","None","1.5"
"Coffee Beans","38.7","5.3","Monday","Festival","6.3"
"Cooking Oil","44.9","9.4","Monday","None","4.4"
"Cheese","38.1","4.3","Monday","Festival","7.5"
"Tomato","12.6","5.2","Wednesday","None","2.3"
"Cooking Oil","26.7","11.1","Monday","None","2.7"
"Cheese","54.1","9.4","Monday","None","5.9"
"Coffee Beans","82","7.6","Thursday","None","10.6"
"Coffee Beans","104","14","Wednesday","None","7.2"
"Coffee Beans","90.3","13.7","Friday","Festival","5.5"
"Tomato","114.2","10.9","Tuesday","None","10.4"
"Cooking Oil","78.7","8.6","Thursday","None","8.9"
"Cheese","66.2","13.2","Tuesday","None","4.7"
"Flour","5","15.8","Thursday","None","0.2"
"Cheese","58.1","3","Monday","None","19.3"
"Flour","8.6","8.8","Monday","None","0.8"
"Chicken","3.9","3.3","Saturday","None","1.2"
"Coffee Beans","88.3","10","Wednesday","None","8.5"
"Cooking Oil","84.1","11.6","Thursday","None","7.4"
"Cheese","36.2","14.8","Wednesday","None","2.3"
"Rice","14.4","2.2","Friday","None","6.2"
"Tomato","62.3","13","Monday","None","4.4"
"Flour","54.7","14","Saturday","None","4"
"Rice","120.8","5.9","Friday","Festival","17.5"
"Tomato","100.8","13.7","Wednesday","None","7.1"
"Rice","99","11.3","Thursday","None","9"
"Rice","67","7","Wednesday","Festival","8.2"
"Coffee Beans","76.7","6.4","Saturday","None","11.7"
"Paneer","41.4","6.3","Monday","None","6.8"
"Flour","4.8","10.8","Tuesday","None","0.2"
"Cooking Oil","68.7","15","Wednesday","Festival","4.1"
"Flour","9.1","10","Tuesday","None","1"
"Chicken","58","11.6","Friday","None","4.7"
"Paneer","80.7","12.9","Sunday","Festival","5.2"
"Paneer","114.1","5.3","Tuesday","None","21.4"
"Cheese","23.5","5.4","Sunday","None","4.1"
"Cooking Oil","65.3","13.1","Friday","None","4.9"
"Cooking Oil","83.1","4.4","Monday","Festival","15.5"
"Cheese","57.2","11.3","Wednesday","None","4.9"
"Cheese","55","13.8","Thursday","None","3.6"
"Tomato","29.4","8.8","Wednesday","None","3.2"
"Paneer","61.5","14.9","Wednesday","None","4.5"
"Chicken","56.2","14.2","Wednesday","Festival","3.1"
"Flour","121.7","15.8","Friday","None","7.5"
"Rice","113","4.8","Wednesday","None","23.8"
"Tomato","94","4","Saturday","None","23.7"
"Tomato","101.1","14.5","Wednesday","None","6.6"
"Cheese","92.9","15.8","Thursday","Festival","4.6"
"Coffee Beans","75.7","9.3","Monday","Festival","6.7"
"Cheese","34.5","10.5","Tuesday","None","3"
"Tomato","20.4","6.2","Saturday","Festival","2.4"
"Cheese","19.3","4.9","Wednesday","None","4"
"Cheese","119.4","15.9","Tuesday","None","7.4"
"Coffee Beans","6.8","11.2","Tuesday","None","0.8"
"Rice","97","6.8","Monday","None","14.2"
"Cheese","93.4","14.1","Friday","None","6.9"
"Chicken","107","8.1","Sunday","None","13.2"
"Flour","109.1","7.2","Wednesday","None","15.2"
"Paneer","39","14.7","Thursday","Festival","2.3"
"Paneer","63.6","2.3","Saturday","None","27.6"
"Coffee Beans","101.4","14.8","Saturday","Festival","5.3"
"Cheese","28.1","13.9","Sunday","None","2"
"Flour","28.6","15.5","Wednesday","Festival","1.3"
"Flour","92.5","8.9","Thursday","None","10.5"
"Cooking Oil","37.1","9.9","Saturday","None","3.8"
"Chicken","8.9","6","Thursday","Festival","1.6"
"Chicken","46.4","6.3","Saturday","Festival","6.3"
"Chicken","54","13.5","Friday","None","4.1"
"Flour","108.3","2.7","Sunday","Festival","33.4"
"Paneer","36","10","Thursday","None","3.3"
"Tomato","40.2","6.5","Tuesday","None","5.8"
"Cooking Oil","119.7","5.9","Saturday","None","20.6"
"Paneer","102.2","5.6","Saturday","None","18.1"
"Paneer","112.2","7.6","Thursday","None","14.4"
"Coffee Beans","94.6","3.9","Wednesday","Festival","19.9"
"Flour","18.1","13.2","Wednesday","None","1.5"
"Tomato","95.7","11.9","Wednesday","None","8.1"
"Rice","17.7","10.2","Tuesday","Festival","1.1"
"Paneer","39.6","2.5","Saturday","None","15.7"
"Cheese","40.5","13.5","Sunday","None","3"
"Tomato","28.6","11.3","Monday","None","2.5"
"Rice","78.2","4.1","Thursday","None","19.1"
"Paneer","98.5","13.5","Wednesday","None","6.9"
"Flour","17.8","13.8","Monday","None","1"
"Paneer","64.3","13.2","Saturday","None","4.8"
"Paneer","21","10.6","Sunday","None","2.2"
"Chicken","23.4","3.4","Sunday","None","6.7"
"Rice","61.3","10.2","Thursday","None","5.9"
"Coffee Beans","99.3","16","Saturday","None","6.2"
"Cooking Oil","72.2","15.2","Friday","None","4.7"
"Cheese","95.6","7.2","Sunday","None","13.2"
"Tomato","6.3","4.6","Sunday","None","1.3"
"Flour","64.1","7.2","Thursday","None","9.2"
"Cheese","49.6","7.1","Wednesday","Festival","5.7"
"Paneer","20.8","3.9","Saturday","None","5"
"Flour","83.4","15.7","Sunday","None","5.2"
"Paneer","18.7","13.5","Tuesday","None","1.3"
"Tomato","77.8","3.8","Monday","None","20.6"
"Chicken","14","9.4","Monday","Festival","1.4"
"Chicken","4.9","10","Wednesday","None","0.7"
"Cooking Oil","17.4","15.6","Wednesday","None","1.1"
"Chicken","122.8","11.7","Monday","None","10.2"
"Tomato","5","15.9","Tuesday","Festival","0.4"
"Cooking Oil","62.5","3.7","Thursday","Festival","13.9"
"Cooking Oil","43.5","6.1","Saturday","None","7"
"Coffee Beans","3.7","11.7","Wednesday","None","0.5"
"Paneer","78.5","5.7","Sunday","None","13.9"
"Paneer","44.4","11.3","Friday","Festival","3.4"
"Paneer","118.3","2.9","Friday","None","40.9"
"Cooking Oil","92.1","12.3","Tuesday","None","7.4"
"Paneer","47.1","11","Thursday","None","4.4"
"Paneer","30.5","9.9","Wednesday","None","2.7"
"Cheese","61.5","9.5","Thursday","None","6.8"
"Chicken","74.8","11.8","Tuesday","None","6.4"
"Cooking Oil","10.2","4.2","Monday","None","2.8"
"Rice","106","9.4","Sunday","None","11"
"Cheese","11.4","14.6","Monday","None","0.4"
"Tomato","5","7.8","Monday","None","0.4"
"Chicken","97.5","5.8","Friday","None","16.7"
"Cheese","12.4","7.2","Thursday","Festival","1.3"
"Tomato","70.7","11.9","Thursday","None","6.3"
"Tomato","47.4","4.4","Monday","None","11.1"
"Tomato","81.1","6.7","Tuesday","None","11.9"
"Chicken","118.1","5.1","Saturday","None","22.8"
"Chicken","20.6","8.4","Saturday","Festival","2.3"
"Coffee Beans","67.6","8.6","Wednesday","None","7.8"
"Cheese","52.8","5","Monday","None","10.3"
"Rice","39.2","12","Monday","None","3.4"
"Paneer","14.2","4","Monday","None","3.8"
"Tomato","75.9","8.5","Thursday","None","9.3"
"Flour","46.7","6.7","Thursday","None","7"
"Cheese","111.5","14","Monday","None","8.3"
"Rice","15","12.5","Wednesday","None","1"
"Tomato","95.4","9","Friday","Festival","8.5"
"Rice","76","15.8","Sunday","None","4.5"
"Rice","33.2","12.2","Saturday","None","2.4"
"Rice","18.7","4.2","Saturday","None","4.2"
"Chicken","32.3","12.4","Monday","Festival","1.9"
"Paneer","31.5","9.6","Thursday","None","3.2"
"Cooking Oil","32.2","5.8","Friday","None","5.9"
"Coffee Beans","86.8","3.5","Tuesday","None","24.9"
"Cooking Oil","77.9","14","Monday","None","5.4"
"Flour","35.5","10.7","Wednesday","None","3.7"
"Tomato","98.3","11.4","Friday","None","8.5"
"Rice","41","9.2","Saturday","None","4.1"
"Cheese","36.5","15.5","Monday","None","2.7"
"Chicken","22.3","4.9","Wednesday","Festival","3.6"
"Tomato","35.4","12.1","Saturday","None","3.3"
"Chicken","40.9","13.6","Tuesday","None","2.8"
"Cooking Oil","92.6","7.6","Monday","Festival","9.9"
"Cooking Oil","92.8","2.3","Wednesday","None","40.6"
"Cooking Oil","87.1","12.1","Saturday","Festival","6.2"
"Chicken","56.7","6.9","Friday","None","8.6"
"Flour","69.2","9.9","Tuesday","None","7.1"
"Cheese","85.4","11.1","Thursday","Festival","6.6"
"Flour","122.5","2.7","Tuesday","Festival","37.6"
"Cheese","117.5","12","Tuesday","None","9.7"
"Paneer","6","2.6","Sunday","None","2.5"
"Cooking Oil","51.2","6.8","Friday","Festival","6.5"
"Cheese","53.9","6.6","Monday","None","8"
"Cheese","121.7","12.1","Saturday","None","10.3"
"Cooking Oil","18.3","3.4","Tuesday","None","5.7"
"Rice","26.9","7.4","Thursday","None","3.6"
"Flour","116.5","15.6","Wednesday","None","7.3"
"Paneer","40.9","5.7","Sunday","None","7.2"
"Cooking Oil","59.8","3.6","Friday","None","16.5"
"Chicken","34.5","14.8","Friday","None","2.6"
"Cooking Oil","58.6","9.2","Wednesday","Festival","5.2"
"Tomato","111.5","4.9","Tuesday","None","22.5"
"Chicken","51.7","14.1","Thursday","None","3.3"
"Tomato","66.4","7.7","Saturday","None","8.6"
"Cooking Oil","8.8","13.9","Thursday","None","0.3"
"Flour","22.8","15.8","Saturday","None","1.8"
"Coffee Beans","104","15.9","Wednesday","None","6.9"
"Coffee Beans","111.3","14.7","Thursday","None","7.7"
"Chicken","104.7","11.1","Wednesday","None","9.7"
"Paneer","8.1","9.9","Friday","None","0.7"
"Flour","19.7","14.5","Tuesday","None","1.4"
"Paneer","111.8","13.7","Monday","None","8.3"
"Rice","62.5","8.6","Thursday","None","7.1"
"Cooking Oil","25.9","10.5","Wednesday","None","2.3"
"Rice","21","9.6","Wednesday","None","2"
"Cooking Oil","84.7","5.2","Monday","None","16.4"
"Chicken","43.4","10.4","Saturday","None","3.8"
"Cheese","121.4","10.9","Wednesday","None","10.8"
"Coffee Beans","39.9","14.8","Friday","None","3"
"Tomato","72.4","12.2","Monday","None","6.1"
"Paneer","71.3","6.8","Thursday","None","10.8"
"Tomato","99.7","7.6","Friday","None","13.5"
"Chicken","64.8","4.6","Friday","None","13.7"
"Tomato","59","14.5","Wednesday","None","4.4"
"Paneer","48.8","5.9","Sunday","None","8.6"
"Tomato","108.5","9","Saturday","None","12.1"
"Flour","98.7","2.8","Friday","None","35.2"
"Cheese","120.5","8","Friday","None","14.9"
"Chicken","89.6","2.2","Saturday","None","40.6"
"Cheese","60.7","6.1","Thursday","None","9.9"
"Paneer","65","7.8","Thursday","None","8"
"Cooking Oil","74.4","14.8","Sunday","None","4.7"
"Coffee Beans","62.7","14.3","Thursday","None","4.2"
"Flour","5","8.1","Sunday","None","0.8"
"Chicken","27.1","9.5","Wednesday","Festival","2.6"
"Flour","79","2.5","Sunday","None","31.6"
"Chicken","49.8","11.7","Wednesday","None","4.6"
"Paneer","112.2","8","Wednesday","None","13.6"
"Flour","10.6","12.8","Sunday","Festival","1"
"Cheese","79.9","6.7","Thursday","None","12"
"Chicken","23.2","12.2","Monday","None","1.9"
"Flour","49.4","11","Thursday","None","4.6"
"Paneer","71.1","13.6","Wednesday","None","5.4"
"Coffee Beans","63.9","8.2","Sunday","None","8"
"Chicken","25.6","5.1","Tuesday","None","5.2"
"Flour","7.7","9.1","Tuesday","None","0.7"
"Chicken","114.5","12.7","Wednesday","None","9"
"Paneer","19.3","13.3","Monday","None","1.1"
"Tomato","83.9","14.2","Tuesday","None","6.1"
"Coffee Beans","3.9","8.4","Tuesday","None","0.2"
"Coffee Beans","117.7","11.3","Monday","None","10.2"
"Cheese","65.3","4.2","Sunday","None","15.5"
"Tomato","121.8","3.7","Sunday","Festival","27.6"
"Cooking Oil","29.5","12","Saturday","None","2.2"
"Tomato","101.5","2.6","Saturday","None","39.4"
"Chicken","87.3","15.8","Saturday","None","5.9"
"Tomato","77.8","13.3","Saturday","Festival","4.5"
"Cheese","48.5","15.9","Thursday","None","3.4"
"Chicken","88.5","14.2","Wednesday","Festival","5.1"
"Paneer","55.2","12","Tuesday","Festival","4"
"Flour","34.2","11.4","Thursday","None","2.8"
"Chicken","22.5","12.7","Sunday","None","1.9"
"Flour","85.8","13.6","Tuesday","None","6.4"
"Tomato","23.1","11.8","Monday","None","2.1"
"Chicken","79.1","2.6","Tuesday","None","30.5"
"Flour","10.4","6","Wednesday","None","1.9"
"Cheese","87.8","13.7","Monday","None","6.5"
"Tomato","24.9","2.2","Thursday","None","11.6"
"Rice","9","11.5","Monday","None","1"
"Coffee Beans","9.1","2.7","Tuesday","None","3.4"
"Coffee Beans","23.4","13.8","Wednesday","None","2"
"Coffee Beans","17.2","13.3","Saturday","None","1.5"
"Cheese","16.5","9.9","Friday","Festival","1.7"
"Cooking Oil","30.5","7.1","Sunday","Festival","3.7"
"Chicken","72.1","4.2","Friday","Festival","14.3"
"Flour","40","6.9","Saturday","None","6.2"
"Coffee Beans","22.7","8.8","Monday","None","2.9"
"Tomato","109.5","6.5","Tuesday","None","17"
"Coffee Beans","27.6","14.9","Tuesday","None","1.8"
"Paneer","21.1","12.7","Friday","None","1.8"
"Cooking Oil","39.8","14","Thursday","None","2.5"
"Cheese","71.5","3","Wednesday","None","23.5"
"Tomato","59","2.9","Wednesday","None","20.5"
"Paneer","62.1","15.6","Friday","None","3.7"
"Tomato","117.1","14","Tuesday","Festival","6.9"
"Cheese","94.4","11.6","Monday","None","8.5"
"Rice","37.7","15.3","Friday","None","2.6"
"Cheese","98.9","10","Wednesday","None","9.5"
"Rice","9.7","13.1","Saturday","None","0.5"
"Chicken","95","7.6","Tuesday","None","12.1"
"Tomato","78.7","7.2","Thursday","None","11.1"
"Cheese","16.4","15.6","Saturday","None","1.1"
"Paneer","35.5","10.2","Thursday","None","3.8"
"Cooking Oil","104.8","10.5","Friday","None","9.9"
"Chicken","58.2","13.4","Thursday","Festival","3.4"
"Flour","116.3","15.6","Wednesday","Festival","6.6"
"Coffee Beans","100","5.3","Monday","None","18.7"
"Chicken","33.9","5.8","Friday","None","6"
"Tomato","68.7","6.2","Wednesday","None","11.4"
"Flour","113.6","14.3","Sunday","None","7.7"
"Coffee Beans","86.7","10.2","Thursday","None","8.2"
"Cooking Oil","79.4","15.5","Friday","None","5.5"
"Rice","45.7","7.9","Tuesday","None","5.7"
"Tomato","15.5","14.3","Sunday","None","1.1"
"Paneer","6.9","2.4","Monday","None","3.1"
"Tomato","10.9","15.7","Friday","None","0.6"
"Flour","17.4","11.3","Saturday","None","1.5"
"Paneer","46","9.5","Thursday","None","4.9"
"Paneer","60.8","9.3","Wednesday","None","6.6"
"Cooking Oil","10.4","4.2","Monday","None","2.5"
"Cheese","25.8","5.7","Sunday","None","4.6"
"Cheese","6.4","13.9","Saturday","None","0.4"
"Paneer","51","11.8","Sunday","None","4.6"
"Cheese","62.8","3","Tuesday","None","20.9"
"Cheese","50.5","11.3","Tuesday","None","4.1"
"Cheese","16","10.6","Tuesday","Festival","1"
"Cheese","3","8.2","Friday","None","0.3"
"Tomato","9.5","6.9","Sunday","None","1.5"
"Coffee Beans","43.3","8.7","Thursday","Festival","3.8"
"Cheese","93.8","2.2","Sunday","None","43"
"Cheese","102.2","12.9","Saturday","None","7.6"
"Cheese","66.7","2.8","Wednesday","None","24.1"
"Coffee Beans","86.2","5","Tuesday","None","16.9"
"Chicken","121.5","13.8","Thursday","None","9.1"
"Coffee Beans","63.3","9.4","Tuesday","None","6.6"
"Tomato","59.1","10.6","Friday","Festival","4.9"
"Cooking Oil","34.5","11.8","Friday","None","2.6"
"Flour","83.7","11.8","Sunday","None","6.8"
"Cooking Oil","122.8","13.3","Monday","None","9.4"
"Coffee Beans","110.1","2.8","Thursday","None","39.6"
"Flour","84.6","16","Tuesday","None","5.5"
"Coffee Beans","48.6","14","Wednesday","Festival","3.3"
"Coffee Beans","88.8","16","Tuesday","None","5.3"
"Cooking Oil","56.1","15.2","Friday","None","4"
"Chicken","108.8","14","Saturday","None","7.6"
"Rice","99.9","10","Monday","None","10.3"
"Coffee Beans","118.9","15.7","Tuesday","None","7.2"
"Cheese","104.9","11.8","Saturday","None","9"
"Tomato","111.3","9.2","Sunday","None","12"
"Paneer","22","12.4","Sunday","Festival","1.3"
"Flour","77.1","10","Wednesday","None","7.6"
"Cheese","20.9","4.7","Tuesday","None","4.4"
"Chicken","110.4","7.4","Monday","None","14.6"
"Rice","22.9","8.6","Saturday","Festival","2.6"
"Coffee Beans","22.3","2","Monday","None","11.2"
"Coffee Beans","92.7","13.6","Thursday","Festival","5.4"
"Cheese","41.9","14.8","Thursday","None","2.6"
"Cheese","12.8","13.6","Monday","None","0.9"
"Paneer","82.2","14.6","Saturday","Festival","4.6"
"Rice","81.2","4.3","Wednesday","None","19.1"
"Chicken","75.3","11.2","Friday","Festival","5.7"
"Tomato","28.9","3.8","Tuesday","None","7.7"
"Cooking Oil","39.8","5.6","Monday","None","7.2"
"Rice","64.2","4.1","Friday","Festival","13.3"
"Tomato","56.8","15.3","Monday","None","3.6"
"Cooking Oil","25.9","12.1","Thursday","None","1.9"
"Coffee Beans","29.1","9.6","Wednesday","None","2.9"
"Cooking Oil","38.4","10.9","Monday","None","3.3"
"Tomato","75.7","2.6","Friday","None","28.9"
"Cooking Oil","105.1","3.2","Friday","None","32.9"
"Chicken","92.7","8.1","Sunday","None","11.5"
"Coffee Beans","5.1","14.1","Monday","None","0.6"
"Cooking Oil","105.8","4.3","Tuesday","Festival","20.4"
"Tomato","92.4","15.4","Wednesday","None","6"
"Tomato","60.1","5.7","Tuesday","None","10.2"
"Rice","116.3","15.8","Sunday","None","7.2"
"Cheese","7.2","10.4","Wednesday","None","0.7"
"Paneer","36.3","11.2","Monday","None","3.4"
"Rice","93.7","12.1","Friday","None","7.8"
"Coffee Beans","110","13.6","Wednesday","None","8.3"
"Tomato","95.8","7.1","Saturday","None","13.2"
"Paneer","104.2","6.4","Saturday","None","16.3"
"Chicken","56.3","15.8","Sunday","None","3.3"
"Paneer","71.9","13.4","Wednesday","None","5.7"
"Tomato","59.8","15.7","Thursday","None","3.9"
"Coffee Beans","98.8","4.9","Tuesday","None","19.8"
"Cheese","65.8","5.4","Wednesday","None","12.2"
"Chicken","26.2","12.1","Thursday","Festival","1.8"
"Chicken","76.2","9.2","Sunday","None","8.2"
"Cooking Oil","58.5","2.1","Tuesday","None","27.8"
"Flour","84.3","12.8","Wednesday","None","6.2"
"Coffee Beans","120.9","8.1","Sunday","None","15.2"
"Flour","38.2","9.8","Tuesday","None","3.6"
"Chicken","55.2","7.2","Monday","None","7.3"
"Coffee Beans","105.1","15.5","Sunday","None","7.1"
"Rice","96.9","4.3","Saturday","None","22.3"
"Rice","85.4","14.4","Monday","None","5.6"
"Cheese","85.5","14.7","Saturday","None","5.9"
"Rice","104.2","9.8","Monday","None","10.4"
"Rice","83.7","7.1","Monday","None","11.8"
"Tomato","63.2","3.7","Friday","None","17.2"
"Chicken","47.2","15.9","Tuesday","None","3"
"Tomato","36.3","6.2","Tuesday","None","5.8"
"Tomato","43.2","5.5","Wednesday","Festival","6.2"
"Chicken","115.6","7.6","Saturday","None","15.3"
"Paneer","53.2","3.9","Sunday","None","13.6"
"Cheese","38.2","9.8","Friday","Festival","3.2"
"Tomato","8.7","4.1","Sunday","None","2.4"
"Cooking Oil","118.7","7.5","Tuesday","None","15.5"
"Rice","4","7.8","Tuesday","Festival","0.7"
"Rice","43","9","Wednesday","None","4.8"
"Cooking Oil","110.7","14.2","Saturday","None","8"
"Coffee Beans","100.2","7.7","Sunday","None","13.1"
"Flour","76.7","10.2","Tuesday","Festival","6.6"
"Cooking Oil","5.5","10.4","Sunday","None","0.8"
"Coffee Beans","89.3","8.8","Sunday","Festival","8.3"
"Flour","84.8","14.4","Sunday","None","6"
"Paneer","83.8","9.1","Friday","Festival","7.7"
"Tomato","97.4","2.5","Tuesday","Festival","32.7"
"Cheese","76.6","12","Sunday","Festival","5.5"
"Flour","120.5","11.3","Tuesday","None","10.5"
"Paneer","16","13.4","Saturday","None","1.1"
"Flour","110","11.2","Wednesday","None","10.2"
"Cheese","6","12.4","Sunday","None","0.7"
"Chicken","85.6","14.9","Friday","None","5.7"
"Flour","28.8","5.4","Monday","None","5.2"
"Coffee Beans","23.1","3.7","Saturday","None","5.8"
"Cheese","80.2","9.5","Monday","Festival","7.2"
"Flour","90.6","14.6","Sunday","None","6.2"
"Cooking Oil","106.6","2.5","Wednesday","Festival","35.7"
"Cheese","42","11.1","Tuesday","None","3.8"
"Cheese","42.5","8.6","Sunday","None","5.1"
"Chicken","91.7","4.2","Tuesday","None","22"
"Chicken","21.4","4.2","Friday","None","4.8"
"Cooking Oil","96.3","3.3","Wednesday","None","29.6"
"Chicken","53.5","13.4","Wednesday","None","4.3"
"Tomato","122.6","3.1","Wednesday","None","39.6"
"Cooking Oil","19.5","9","Wednesday","None","1.8"
"Chicken","41.7","10.1","Thursday","None","4.5"
"Flour","67.7","16","Thursday","None","4.4"
"Flour","63.4","5.4","Sunday","Festival","9.9"
"Tomato","34.4","8.5","Friday","None","4.3"
"Flour","78.9","12.1","Friday","None","6.7"
"Tomato","11.8","15.9","Wednesday","None","0.4"
"Coffee Beans","112.1","10","Sunday","None","11.2"
"Cooking Oil","53.7","11.9","Tuesday","None","4.2"
"Cooking Oil","101.3","12.8","Thursday","None","7.9"
"Paneer","92.4","13.2","Tuesday","None","6.9"
"Coffee Beans","34.5","7.7","Friday","None","4.3"
"Flour","20.8","14.6","Monday","Festival","0.8"
"Paneer","120.6","9.9","Monday","None","12.2"
"Chicken","74.6","12","Sunday","None","5.9"
"Cooking Oil","69.9","5.7","Wednesday","None","12.2"
"Rice","30.6","5.9","Monday","None","5.6"
"Rice","55","14.4","Tuesday","None","3.6"
"Chicken","86.3","11.5","Sunday","None","7.2"
"Cheese","30.1","11.6","Friday","None","2.6"
"Cheese","44.2","9.9","Monday","None","4.2"
"Paneer","60.5","14","Saturday","None","4.3"
"Coffee Beans","75.2","6.3","Friday","None","12.1"
"Rice","66.9","8.4","Wednesday","None","7.7"
"Flour","15","3.2","Saturday","None","5"
"Paneer","98.8","2.4","Wednesday","None","40.9"
"Rice","92.3","6.7","Wednesday","None","13.9"
"Rice","27.4","5.9","Saturday","None","4.9"
"Flour","117.9","11.4","Monday","None","10.7"
"Paneer","45","5","Monday","None","8.6"
"Coffee Beans","113.6","7.9","Thursday","None","14.6"
"Paneer","24.3","5.9","Wednesday","None","3.9"
"Coffee Beans","101","5.8","Sunday","None","17.5"
"Chicken","34.3","7.3","Tuesday","None","4.6"
"Cooking Oil","16.1","9.4","Sunday","None","1.7"
"Paneer","39.8","12.9","Tuesday","None","3.1"
"Tomato","60.3","2","Thursday","None","30.5"
"Rice","63.2","2.9","Friday","None","21.9"
"Chicken","72.7","14.4","Friday","None","5.3"
"Cooking Oil","3.1","11.3","Tuesday","None","0.6"
"Flour","95.6","5.1","Wednesday","None","18.5"
"Paneer","93.8","5.6","Friday","None","17"
"Tomato","61.3","8","Wednesday","None","7.7"
"Cooking Oil","116.8","5","Friday","None","23.4"
"Flour","3.9","10.9","Saturday","None","0.7"
"Chicken","8.1","12.4","Friday","None","0.6"
"Cooking Oil","111.9","7.8","Wednesday","Festival","11.9"
"Coffee Beans","11.8","10.5","Wednesday","None","1.5"
"Chicken","13.7","3.1","Saturday","None","4.7"
"Flour","80.3","14.2","Thursday","Festival","5"
"Tomato","46.4","8","Monday","None","5.7"
"Cheese","3.7","5.5","Tuesday","None","1"
"Tomato","90.3","11.1","Sunday","None","8.2"
"Cheese","85.3","7.5","Saturday","None","11.4"
"Cooking Oil","103.8","10.1","Thursday","None","10.6"
"Paneer","62.5","10.7","Monday","None","6"
"Coffee Beans","30","15.8","Friday","Festival","1.5"
"Flour","18.6","6.9","Tuesday","None","2.4"
"Paneer","39","11.7","Thursday","None","3.4"
"Cooking Oil","116.2","12.1","Saturday","None","9.3"
"Chicken","46","6.1","Wednesday","None","7.8"
"Rice","114.8","2.9","Friday","None","39.7"
"Rice","6.7","9.7","Monday","None","0.6"
"Rice","49.1","13.6","Tuesday","None","3.4"
"Chicken","6.4","7","Sunday","None","1"
"Paneer","104.7","7.9","Monday","None","13.5"
"Flour","70.1","14.3","Monday","None","4.7"
"Flour","6.4","6.9","Monday","None","1.3"
"Cheese","50.5","13.9","Wednesday","None","3.9"
"Tomato","5","10.9","Thursday","Festival","0.2"
"Flour","64","11.7","Tuesday","None","5.5"
"Rice","96.2","6.6","Thursday","None","14.7"
"Cheese","70","14.4","Sunday","None","4.7"
"Chicken","54.9","9.5","Friday","None","5.8"
"Cheese","71.9","6.3","Monday","None","11"
"Paneer","83.4","4.6","Friday","Festival","15.1"
"Cheese","97.8","7.3","Friday","None","13.8"
"Flour","27.8","9.5","Sunday","None","2.7"
"Rice","46.6","4.3","Friday","Festival","9.4"
"Paneer","30.8","6.4","Tuesday","None","4.7"
"Rice","42.3","4.8","Thursday","None","9.1"
"Cooking Oil","46.9","8.4","Sunday","None","5.7"
"Chicken","70.5","7.4","Sunday","None","9.7"
"Tomato","11.7","11.1","Saturday","None","1.3"
"Cooking Oil","26.4","15.4","Tuesday","None","1.4"
"Flour","9","13.5","Saturday","None","0.4"
"Flour","76.9","10.8","Saturday","None","6.9"
"Cheese","66.5","12.7","Friday","None","5.6"
"Paneer","75.2","4.3","Friday","None","17.3"
"Chicken","52.3","2.8","Sunday","None","19"
"Flour","43.7","12.9","Saturday","None","3.5"
"Cooking Oil","34.9","10.4","Monday","None","3.4"
"Flour","60.7","12.5","Monday","None","4.5"
"Flour","4.3","6.2","Sunday","None","1"
"Cheese","64.9","2.6","Monday","None","24.8"
"Flour","93.3","12.9","Wednesday","None","7.2"
"Tomato","18.6","8.1","Wednesday","None","2.4"
"Flour","74.2","6.5","Thursday","None","11.8"
"Chicken","8.8","14.4","Friday","None","0.4"
"Coffee Beans","110.5","11.4","Friday","None","9.7"
"Flour","32.2","8.6","Saturday","None","3.7"
"Flour","35","11.2","Friday","Festival","2.9"
"Coffee Beans","83.8","10.3","Thursday","None","7.9"
"Flour","9.8","3.2","Thursday","None","2.8"
"Paneer","73.9","15.6","Saturday","None","4.9"
"Tomato","108.5","2.7","Tuesday","None","40.1"
"Paneer","109.9","3.8","Wednesday","None","28.7"
"Flour","6.3","3.5","Friday","None","1.8"
"Coffee Beans","53.7","6","Thursday","None","8.6"
"Cheese","39.1","6.7","Thursday","None","5.6"
"Chicken","116.8","4.1","Saturday","None","28.6"
"Rice","25.2","7","Monday","None","3.6"
"Rice","110.3","9.8","Monday","None","11.4"
"Tomato","60","9.5","Wednesday","Festival","5.1"
"Tomato","4.7","4.3","Monday","None","1.5"
"Cooking Oil","115.2","6.7","Monday","None","17.3"
"Tomato","64.9","13.6","Monday","None","5"
"Tomato","90.5","7.3","Thursday","None","12.5"
"Cheese","81.8","13.3","Friday","None","6"
"Coffee Beans","108.3","4.9","Thursday","None","21.8"
"Cooking Oil","45.9","6.1","Tuesday","Festival","6.4"
"Chicken","119.6","5.4","Saturday","None","22"
"Cheese","93.3","5.2","Sunday","None","18"
"Rice","63.4","3.2","Tuesday","None","20.1"
"Tomato","4.2","10.6","Wednesday","None","0.4"
"Chicken","94.6","14","Thursday","Festival","5.6"
"Cooking Oil","88.3","6.1","Wednesday","None","14.2"
"Cheese","58.5","12.1","Monday","None","5"
"Coffee Beans","75.7","11.1","Sunday","None","7.1"
"Coffee Beans","59","5.5","Monday","None","10.9"
"Chicken","98","14.8","Thursday","None","6.8"
"Paneer","99.1","8.5","Wednesday","None","11.7"
"Chicken","119.1","4.6","Monday","Festival","21.2"
"Rice","114.2","10.6","Saturday","None","10.7"
"Cooking Oil","6.2","4.5","Tuesday","None","1.1"
"Paneer","75","10.6","Tuesday","None","6.9"
"Rice","5.6","14.8","Tuesday","None","0.6"
"Flour","14.8","11.1","Friday","None","1.6"
"Paneer","28.7","13.8","Monday","None","2"
"Chicken","69","6.2","Thursday","None","11.4"
"Tomato","39.6","6.3","Sunday","None","6.1"
"Rice","109.7","9.4","Monday","None","11.6"
"Paneer","109.9","12.6","Friday","None","8.8"
"Rice","48.3","8.7","Wednesday","None","5.8"
"Coffee Beans","24","11.2","Sunday","None","2.2"
"Rice","16","10.9","Wednesday","None","1.5"
"Coffee Beans","52.3","11.4","Tuesday","None","4.7"
"Cooking Oil","49.1","5.5","Friday","Festival","7.3"
"Chicken","85.5","8","Wednesday","None","10.5"
"Chicken","67.1","3.1","Friday","None","21.8"
"Cooking Oil","3.1","4.6","Saturday","None","0.4"
"Paneer","32.7","10.2","Sunday","None","3.4"
"Flour","108.9","9.5","Thursday","Festival","9.7"
"Coffee Beans","47.8","14.1","Monday","None","3.3"
"Flour","44.2","13.5","Wednesday","None","3.2"
"Coffee Beans","122.7","15","Wednesday","None","8.1"
"Flour","20.3","14.1","Friday","None","1.1"
"Tomato","80.2","12","Saturday","None","6.7"
"Tomato","57.5","2.5","Saturday","Festival","18.8"
"Chicken","106.4","5.8","Wednesday","None","18.4"
"Tomato","30.9","5.3","Saturday","None","5.9"
"Coffee Beans","19","8.6","Saturday","None","2.5"
"Flour","97.9","7.2","Friday","None","13.2"
"Tomato","37.3","9.9","Wednesday","None","3.6"
"Coffee Beans","108.2","14.1","Monday","None","7.8"
"Cheese","36.7","7.2","Saturday","None","4.8"
"Tomato","17.8","10.6","Monday","None","1.9"
"Cheese","26.7","15.6","Friday","None","1.8"
"Paneer","29.6","9.5","Monday","None","3.1"
"Paneer","111.7","14.5","Saturday","None","8"
"Coffee Beans","104.2","12.5","Thursday","Festival","7.3"
"Tomato","38.2","9.3","Thursday","None","3.9"
"Tomato","95.3","11.3","Wednesday","None","8.8"
"Paneer","30.1","6","Monday","None","4.8"
"Coffee Beans","114.6","6.1","Tuesday","None","19.1"
"Coffee Beans","95","9.7","Monday","None","10"
"Chicken","8.6","10.7","Monday","None","0.6"
"Tomato","43.1","2.9","Saturday","None","15.1"
"Chicken","114","12.9","Thursday","None","9.1"
"Cheese","71.9","12.9","Friday","None","5.2"
"Cheese","82.7","5.1","Friday","Festival","13.1"
"Rice","104.6","3.3","Wednesday","None","31.3"
"Flour","12.5","7.5","Monday","Festival","1.6"
"Cooking Oil","66.6","3.7","Monday","Festival","14.6"
"Flour","92.8","7.4","Monday","None","12.9"
"Tomato","66.9","8.5","Sunday","None","7.6"
"Tomato","8.2","5.9","Friday","None","1.1"
"Coffee Beans","95.9","9.3","Wednesday","None","10.1"
"Tomato","119.9","7.6","Sunday","None","16.2"
"Paneer","27.1","7.4","Friday","None","3.9"
"Coffee Beans","26.5","8.6","Thursday","None","2.9"
"Cooking Oil","27.6","14.5","Thursday","Festival","1.7"
"Paneer","3.3","3","Thursday","None","0.9"
"Flour","20.8","11.6","Thursday","None","2"
"Paneer","59.9","2.2","Saturday","None","27.1"
"Cooking Oil","55.4","14.2","Friday","None","4.1"
"Tomato","35.3","3.7","Wednesday","None","9.8"
"Chicken","93.3","7.5","Sunday","None","12.3"
"Coffee Beans","21.8","5.4","Tuesday","None","3.9"
"Tomato","93.8","9.9","Tuesday","None","9.7"
"Paneer","72.8","5.4","Saturday","None","13.3"
"Paneer","37.4","11.3","Monday","None","3.2"
"Chicken","113.1","2.9","Wednesday","None","38.7"
"Rice","78.7","10.6","Monday","None","7.5"
"Rice","72.7","3.1","Tuesday","None","23.8"
"Coffee Beans","48.5","12.9","Thursday","Festival","2.9"
"Cooking Oil","12.8","13.2","Saturday","None","0.9"
"Rice","107.4","10.6","Tuesday","Festival","8.4"
"Chicken","55.8","11.5","Monday","None","5.2"
"Cheese","79.9","9.1","Tuesday","None","9"
"Chicken","92.1","13.4","Friday","Festival","5.7"
"Rice","109.8","4.8","Wednesday","None","22.5"
"Chicken","33.2","12.7","Sunday","None","2.9"
"Chicken","75.4","10.3","Tuesday","None","6.9"
"Cooking Oil","102.1","8.4","Friday","None","12.1"
"Coffee Beans","7.5","5.4","Thursday","None","1.6"
"Coffee Beans","22","10","Tuesday","None","2.1"
"Flour","78.8","13.9","Tuesday","Festival","4.5"
"Cooking Oil","74","11.8","Tuesday","None","6.1"
"Rice","96.9","13.7","Sunday","None","6.9"
"Cooking Oil","96.5","8.6","Saturday","None","11.2"
"Flour","121.2","7.4","Wednesday","None","16.7"
"Cooking Oil","35.6","14.9","Tuesday","None","2"
"Cheese","33.4","11.3","Saturday","None","2.9"
"Paneer","114.6","5.2","Sunday","None","21.8"
"Cooking Oil","36.8","8.7","Saturday","None","4.2"
"Tomato","42.5","3.5","Saturday","None","12.4"
"Chicken","94.2","4.4","Wednesday","None","21.7"
"Coffee Beans","100.7","6.2","Friday","None","16.6"
"Rice","14.4","3.9","Wednesday","Festival","2.8"
"Cooking Oil","22.6","7.9","Thursday","Festival","2.7"
"Paneer","53.4","11.4","Sunday","None","4.9"
"Cooking Oil","103.4","13","Tuesday","None","7.9"
"Coffee Beans","53","13.6","Sunday","None","4.3"
"Chicken","73.9","4.4","Wednesday","None","16.7"
"Cooking Oil","117.5","8.2","Wednesday","Festival","12.3"
"Rice","32.1","4.3","Monday","None","7.2"
"Coffee Beans","60.2","8.6","Monday","None","7.2"
"Cooking Oil","86.6","6.3","Wednesday","None","13.4"
"Cooking Oil","57.5","6.7","Saturday","None","8.9"
"Cooking Oil","33.9","7.7","Wednesday","Festival","3.8"
"Coffee Beans","102.1","13.4","Tuesday","None","7.8"
"Coffee Beans","82","11.3","Thursday","None","7.3"
"Tomato","53.4","5.2","Monday","None","10.6"
"Rice","44.8","14.1","Friday","None","2.9"
"Coffee Beans","32.9","7.7","Saturday","None","4.2"
"Coffee Beans","98.8","14.9","Sunday","Festival","5.9"
"Flour","66","7","Thursday","None","9.8"
"Rice","94.8","10.3","Friday","None","9.4"
"Flour","66.9","7.3","Saturday","Festival","7.5"
"Paneer","80.3","6.6","Wednesday","None","12.1"
"Paneer","30.4","8.8","Friday","None","3.4"
"Rice","38.5","6.9","Thursday","None","5.3"
"Cheese","115.2","5.5","Friday","None","21.3"
"Cooking Oil","75.9","15.9","Monday","None","4.5"
"Chicken","68.9","12.3","Friday","None","5.2"
"Flour","108.9","3","Thursday","Festival","30.2"
"Chicken","27","12.8","Thursday","Festival","1.6"
"Tomato","23.3","14","Monday","Festival","1.4"
"Coffee Beans","46.5","3.7","Thursday","Festival","10.3"
"Cooking Oil","44.8","8.4","Friday","None","5.5"
"Paneer","38.4","11.9","Monday","None","3"
"Rice","105.8","8","Tuesday","None","13.4"
"Flour","90.3","12.3","Tuesday","Festival","5.9"
"Coffee Beans","23.2","5.1","Sunday","None","4.2"
"Chicken","90.8","5.1","Sunday","None","17.7"
"Paneer","16.3","2.4","Thursday","None","6.4"
"Chicken","82.9","11.7","Monday","Festival","5.8"
"Flour","52.3","7.4","Friday","None","7.2"
"Cooking Oil","35.7","10.5","Thursday","Festival","2.7"
"Tomato","75.5","11.4","Sunday","None","6.6"
"Tomato","8.4","5.3","Friday","None","1.5"
"Paneer","88.9","13.7","Thursday","None","6.1"
"Cheese","103.8","13.9","Saturday","Festival","6"
"Cheese","66","3.1","Saturday","Festival","17.9"
"Rice","91.5","2.3","Wednesday","None","39.4"
"Coffee Beans","32.6","13.2","Tuesday","None","2.6"
"Paneer","121.3","6.9","Sunday","None","17.2"
"Coffee Beans","76","10.2","Thursday","None","7.4"
"Cheese","63.4","8.4","Wednesday","None","7.8"
"Tomato","73.6","5.9","Wednesday","None","12.3"
"Coffee Beans","97.5","7.8","Tuesday","None","12.3"
"Chicken","29.6","14.8","Saturday","None","2.4"
"Rice","122.9","13.1","Monday","None","9.2"
"Chicken","70.6","14.4","Friday","None","4.6"
"Cooking Oil","118.3","3","Wednesday","None","39.2"
"Cheese","14.7","13.5","Friday","None","1.3"
"Paneer","46.5","9.4","Thursday","None","5"
"Chicken","64.3","14.7","Monday","None","4.1"
"Flour","7.6","13","Wednesday","None","0.3"
"Cooking Oil","44.5","11.1","Tuesday","None","4"
"Chicken","83.2","7.1","Monday","None","11.4"
"Rice","4.1","3.8","Friday","None","1.1"
"Rice","44.2","12.7","Tuesday","Festival","2.6"
"Paneer","113.6","4.3","Thursday","None","26.4"
"Flour","89.6","2.4","Monday","None","37.6"
"Flour","5.2","14.3","Tuesday","None","0.2"
"Coffee Beans","94.6","6.9","Monday","None","14.1"
"Paneer","26.7","2.5","Wednesday","None","10.9"
"Paneer","71.7","13.1","Wednesday","None","5.2"
"Chicken","106","6.5","Monday","None","16.4"
"Tomato","42.3","15.8","Friday","None","2.3"
"Rice","75.5","8.8","Saturday","None","8.3"
"Tomato","27.3","11.7","Thursday","None","2.6"
"Flour","28.1","15.8","Monday","None","1.9"
"Cheese","93.7","3.9","Saturday","None","24.4"
"Flour","98","11.4","Sunday","None","9"
"Rice","4.7","4.3","Wednesday","None","1.2"
"Rice","80.8","14","Wednesday","None","6"
"Chicken","55.2","6.6","Thursday","None","8.7"
"Coffee Beans","36.7","2.2","Sunday","None","16.5"
"Coffee Beans","63.7","2.2","Thursday","None","29.2"
"Coffee Beans","88.7","12.5","Saturday","None","6.9"
"Tomato","45.4","12.9","Saturday","None","3.6"
"Flour","46.1","12.1","Friday","None","3.8"
"Tomato","91.2","15","Sunday","None","6.3"
"Rice","105.5","7.2","Friday","Festival","12.2"
"Cooking Oil","3.4","15.5","Monday","None","0.5"
"Rice","17.8","14.8","Tuesday","None","1.5"
"Chicken","45.9","2.3","Friday","None","20.3"
"Cheese","60.4","10.8","Sunday","None","5.5"
"Rice","122.4","12","Saturday","None","10.2"
"Cooking Oil","32.4","6.6","Friday","None","4.5"
"Cooking Oil","100.1","4.5","Friday","None","22.3"
"Cheese","3.5","11.7","Saturday","None","0.2"
"Cheese","51.9","5.8","Sunday","None","9"
"Chicken","74.8","15.7","Tuesday","Festival","3.9"
"Paneer","48.7","15.5","Friday","None","3.4"
"Coffee Beans","120.3","8.7","Saturday","None","13.9"
"Cooking Oil","4.2","4.7","Friday","None","0.7"
"Coffee Beans","88.1","4.3","Tuesday","None","20.2"
"Tomato","89.4","10.5","Monday","None","8.6"
"Paneer","92.4","12.7","Friday","None","7.1"
"Chicken","106.1","5.4","Thursday","None","19.8"
"Cooking Oil","85.9","15.2","Wednesday","None","5.6"
"Coffee Beans","82","6","Tuesday","None","13.4"
"Tomato","100.8","12.8","Tuesday","Festival","6.9"
"Coffee Beans","108.8","10.1","Saturday","None","10.8"
"Paneer","110.7","4.3","Monday","None","25.8"
"Cooking Oil","62.6","9.2","Tuesday","None","6.8"
"Cheese","16.9","13.2","Wednesday","None","1.2"
"Tomato","74.9","4.4","Thursday","None","16.7"
"Cooking Oil","48","3.8","Monday","None","12.7"
"Rice","48.6","13.8","Wednesday","None","3.6"
"Cheese","84","9.6","Friday","None","8.4"
"Cooking Oil","33.7","6.2","Monday","None","5.5"
"Paneer","19.4","10","Wednesday","None","1.9"
"Chicken","7.9","10","Thursday","None","0.8"
"Rice","121.6","4.6","Friday","None","26.5"
"Cooking Oil","28.8","11.7","Sunday","None","2.7"
"Rice","9.2","13.7","Saturday","None","0.8"
"Flour","72.9","5.2","Sunday","None","14"
"Coffee Beans","44.7","3","Monday","None","15"
"Flour","5.6","4","Sunday","None","1.7"
"Rice","94.4","7.2","Saturday","None","13.3"
"Cooking Oil","96.5","6.5","Friday","None","15.2"
"Flour","108.8","5.8","Wednesday","None","18.4"
"Coffee Beans","83.2","7.5","Thursday","Festival","9.2"
"Flour","5.9","13.7","Friday","None","0.4"
"Coffee Beans","118","8.2","Wednesday","Festival","11.8"
"Paneer","55.5","11.6","Tuesday","None","4.8"
"Chicken","20.1","12","Wednesday","None","1.8"
"Chicken","8.6","2.9","Thursday","None","2.8"
"Flour","113.1","10.8","Sunday","None","10.3"
"Cooking Oil","100.7","11.1","Thursday","Festival","7.5"
"Rice","121.9","5.2","Wednesday","None","23.2"
"Cooking Oil","115","4.4","Saturday","None","26.4"
"Flour","26.2","10.9","Thursday","None","2.1"
"Cheese","21.5","4.1","Friday","None","5.5"
"Tomato","53.3","12.7","Saturday","None","4.5"
"Tomato","45.2","2.6","Wednesday","None","17.8"
"Tomato","111.5","10","Monday","None","11.4"
"Cheese","94.8","13.1","Friday","None","7.6"
"Cooking Oil","73.3","4.8","Tuesday","None","15.3"
"Flour","48.4","5.2","Wednesday","None","9"
"Coffee Beans","35","7.2","Saturday","Festival","3.7"
"Tomato","82.2","11.3","Thursday","None","7"
"Cheese","35.6","15.6","Monday","Festival","2.2"
"Coffee Beans","98.6","5.1","Friday","None","19.5"
"Chicken","64.3","2.1","Saturday","Festival","25.4"
"Paneer","51.5","2.9","Thursday","None","17.9"
"Cooking Oil","85.8","8","Wednesday","None","11"
"Coffee Beans","121.6","15.8","Thursday","Festival","6.7"
"Coffee Beans","38.7","6.2","Sunday","None","6.2"
"Cheese","79.9","4.8","Monday","None","17"
"Flour","43.8","5.6","Tuesday","None","8"
"Paneer","42.7","2.4","Thursday","None","17.5"
"Flour","55.3","15.2","Saturday","None","3.9"
"Rice","24.3","3.9","Monday","None","6"
"Tomato","76","12.1","Thursday","None","6.6"
"Cooking Oil","66.3","6","Thursday","None","11.2"
"Coffee Beans","32.4","2.8","Saturday","None","11.2"
"Chicken","17.1","4.5","Thursday","None","4.2"
